"bec","site","block","plot","treat1","treat2","yr_surv","yrs_pb","yr","pft1","pft2","pft3","pft4","pft5","pft6","pft7","pft8"
"ich","Goat River",1,"1","CC","FB",1989,1,1,0,0.3,0.3,0,0,0,12,2
"ich","Goat River",1,"2","CC","FB",1989,1,1,1,2.1,0.2,0,0,0,3.5,1
"ich","Goat River",1,"3","CC","FB",1989,1,1,0,0.6,0.1,0.5,0,0,11,1.5
"ich","Goat River",3,"1","CC","FB",1989,1,1,0,3.7,1.2,1,0,0,7,2.5
"ich","Goat River",3,"2","CC","FB",1989,1,1,0,4.1,1.6,0,0,0,1.1,2
"ich","Goat River",3,"3","CC","FB",1989,1,1,0,3.6,1.5,0,0,0,3,0.1
"ich","Goat River",1,"1","CC","FB",1993,5,5,5,26,6.6,0,0,0,20.1,15
"ich","Goat River",1,"2","CC","FB",1993,5,5,1,31.5,23,0,0,0,17,1
"ich","Goat River",1,"3","CC","FB",1993,5,5,2,6,4,0.5,0,0,20.1,6
"ich","Goat River",3,"1","CC","FB",1993,5,5,3,13,20,2,0,0,12,2
"ich","Goat River",3,"2","CC","FB",1993,5,5,3,20.7,21.1,1,0,0,10.5,2
"ich","Goat River",3,"3","CC","FB",1993,5,5,2,53.6,14.2,0,0,0,13,0.5
"ich","Goat River",1,"1","CC","FB",1998,10,10,20,10.5,11.2,0,0,0,9,0.1
"ich","Goat River",1,"2","CC","FB",1998,10,10,0,12.4,28,0,0,0,6,0.1
"ich","Goat River",1,"3","CC","FB",1998,10,10,3,1.6,2.1,1,0,0,4.1,0.6
"ich","Goat River",3,"1","CC","FB",1998,10,10,5,2.2,4.6,1,0,0,1,0
"ich","Goat River",3,"2","CC","FB",1998,10,10,3,10.2,9.6,3,0,0,1.5,0
"ich","Goat River",3,"3","CC","FB",1998,10,10,5,11.2,19.7,0.1,0,0,2,0
"ich","Goat River",1,"1","CC","FB",2008,20,20,80.1,20.6,6.4,0,0,0,77,2.3
"ich","Goat River",1,"2","CC","FB",2008,20,20,25,34.8,13.2,0,0,0,55.4,0.1
"ich","Goat River",1,"3","CC","FB",2008,20,20,27,10.8,1,5,0,0,25.3,0.3
"ich","Goat River",3,"1","CC","FB",2008,20,20,40.1,22.6,13.4,9,0,0,45.2,0.1
"ich","Goat River",3,"2","CC","FB",2008,20,20,30,14.1,8.3,11,0,0,30,0.5
"ich","Goat River",3,"3","CC","FB",2008,20,20,60,28.1,8.5,0.3,0,0,40,0.1
"sbs","Brinks Mill",2,"a","CC","FB",1987,1,1,0,60.2,20.6,0,0,0,0,0
"sbs","Brinks Mill",2,"b","CC","FB",1987,1,1,0,90.5,13,0,0,0,0.5,0
"sbs","Brinks Mill",2,"c","CC","FB",1987,1,1,0,76.5,26.1,0,0,0,0.5,0
"sbs","Brinks Mill",2,"a","CC","FB",1991,5,5,0,96.6,18.8,0,0,0,0,0
"sbs","Brinks Mill",2,"b","CC","FB",1991,5,5,0,106.5,3.2,2,0,0,1,0
"sbs","Brinks Mill",2,"c","CC","FB",1991,5,5,0,95,2.7,3,0,0,3.2,0
"sbs","Brinks Mill",2,"a","CC","FB",1996,10,10,3,57.5,12.8,0,0,0,0.1,0
"sbs","Brinks Mill",2,"b","CC","FB",1996,10,10,15,42.4,4.2,5,0.1,0,1.2,0
"sbs","Brinks Mill",2,"c","CC","FB",1996,10,10,0,83.3,5.3,3,0,0,5,0
"sbs","Brinks Mill",2,"a","CC","FB",2007,21,20,26,252,17,90,0,1,24,0
"sbs","Brinks Mill",2,"b","CC","FB",2007,21,20,85,45,16,42,0,0,7,0
"sbs","Brinks Mill",2,"c","CC","FB",2007,21,20,7,165,7,0,0,0,7,0
"sbs","Francis Lake",1,"1","CC","FB",1987,1,1,0,27.6,26.1,0.1,0,0,0.1,0.5
"sbs","Francis Lake",1,"2","CC","FB",1987,1,1,0,35.3,25.6,0,0,0,2.5,0
"sbs","Francis Lake",1,"3","CC","FB",1987,1,1,0,33.5,42.5,0,0,0,0.5,0.1
"sbs","Francis Lake",2,"1","CC","FB",1987,1,1,0,10.3,29.5,0.6,0,0,1,0.1
"sbs","Francis Lake",2,"2","CC","FB",1987,1,1,0,13,32.5,1.1,0,0,1.5,0.5
"sbs","Francis Lake",2,"3","CC","FB",1987,1,1,0,13.1,26,0,0,0,10.2,0
"sbs","Francis Lake",1,"1","CC","FB",1991,5,5,0,64,30.5,2,0,0,10.5,0
"sbs","Francis Lake",1,"2","CC","FB",1991,5,5,1,84,6.5,0,0,0,17.5,0
"sbs","Francis Lake",1,"3","CC","FB",1991,5,5,0,88.2,4,1,0,0.5,10.5,0.2
"sbs","Francis Lake",2,"1","CC","FB",1991,5,5,6,48.7,19.2,4.5,0,0,11.5,0
"sbs","Francis Lake",2,"2","CC","FB",1991,5,5,1,37.6,20.5,7,0,0,12,0.1
"sbs","Francis Lake",2,"3","CC","FB",1991,5,5,0,67.3,7.5,8,0,0,24,5
"sbs","Francis Lake",1,"1","CC","FB",1996,10,10,5,43.6,3.1,4,0.1,0.1,10.1,0.1
"sbs","Francis Lake",1,"2","CC","FB",1996,10,10,10,50.4,11.4,1,0.1,2,16,0
"sbs","Francis Lake",1,"3","CC","FB",1996,10,10,5.5,52.2,2.3,1,0,1.1,16,0.2
"sbs","Francis Lake",2,"1","CC","FB",1996,10,10,6.1,24.3,3.8,13,0,0.1,16.6,0.1
"sbs","Francis Lake",2,"2","CC","FB",1996,10,10,10.5,21.6,3.5,7,0,0.1,16.1,1
"sbs","Francis Lake",2,"3","CC","FB",1996,10,10,2.6,35.6,1.3,11,0,0.2,26.1,0.5
"sbs","Francis Lake",1,"1","CC","FB",2007,21,20,40.1,51.1,1,11.5,0,1.1,23.2,1
"sbs","Francis Lake",1,"2","CC","FB",2007,21,20,40,101.4,2.1,20,0,10,16,0
"sbs","Francis Lake",1,"3","CC","FB",2007,21,20,80,111,13.5,42,0,8,25,10
"sbs","Francis Lake",2,"1","CC","FB",2007,21,20,50,76.5,9,43,0,7,82,7
"sbs","Francis Lake",2,"2","CC","FB",2007,21,20,48,59,21,53,0,2,77,5
"sbs","Francis Lake",2,"3","CC","FB",2007,21,20,0,8,4,35,0,0,1,1
"sbs","Genevieve Lake",1,"a","CC","FB",1987,1,1,0,9.1,19.5,0,0,0,1.1,0.5
"sbs","Genevieve Lake",1,"b","CC","FB",1987,1,1,0,14,22.5,0,0,0,1,0
"sbs","Genevieve Lake",1,"c","CC","FB",1987,1,1,0,2.1,11,0.1,0,0,0.1,0
"sbs","Genevieve Lake",2,"c","CC","FB",1987,1,1,0,3.8,11.1,0,0,0,5.1,1
"sbs","Genevieve Lake",1,"a","CC","FB",1991,5,5,0,37.5,38.1,1,0,0,5.1,0
"sbs","Genevieve Lake",1,"b","CC","FB",1991,5,5,4,26.5,35,0.5,0,0,5.2,0
"sbs","Genevieve Lake",1,"c","CC","FB",1991,5,5,2.2,29.7,28.5,0.5,0,0,4,0
"sbs","Genevieve Lake",2,"c","CC","FB",1991,5,5,0,27.7,27.2,4,0,0,5,0
"sbs","Genevieve Lake",1,"a","CC","FB",1996,10,10,6,47.3,35.5,1.1,0,0,5.1,0
"sbs","Genevieve Lake",1,"b","CC","FB",1996,10,10,25.5,39.5,8.6,0.5,0,0.1,11.1,0
"sbs","Genevieve Lake",1,"c","CC","FB",1996,10,10,21,13.5,2.9,0.6,0,0,5.1,0.1
"sbs","Genevieve Lake",2,"c","CC","FB",1996,10,10,0.6,11.9,7.4,6,0,0,10.2,0
"sbs","Genevieve Lake",1,"a","CC","FB",2007,21,20,41,28.3,60.7,2,0,0,18.4,0
"sbs","Genevieve Lake",1,"b","CC","FB",2007,21,20,48,78,24,10,0,1,66,0
"sbs","Genevieve Lake",1,"c","CC","FB",2007,21,20,74,19.2,6.3,5,0,2,30.2,0
"sbs","Genevieve Lake",2,"c","CC","FB",2007,21,20,40,33.1,80.7,9,0,1.1,14,0
"sbs","Mackenzie",4,"1","CC","FB",1989,1,1,0,19.4,10.5,0,0,0,0,0
"sbs","Mackenzie",4,"2","CC","FB",1989,1,1,0,38.4,19,0.5,0,0,0,0
"sbs","Mackenzie",4,"3","CC","FB",1989,1,1,0,44.1,11.5,0,0,0,0,0
"sbs","Mackenzie",5,"1","CC","FB",1989,1,1,0,21.1,27,1,0,0,0.2,0
"sbs","Mackenzie",5,"2","CC","FB",1989,1,1,0,25.4,32.2,0.5,0,0,1,0
"sbs","Mackenzie",5,"3","CC","FB",1989,1,1,0,18.2,15.5,0,0,0,0,0
"sbs","Mackenzie",4,"1","CC","FB",1993,5,5,0,75.3,30.5,0,0,0,0,0
"sbs","Mackenzie",4,"2","CC","FB",1993,5,5,0,95.2,15.2,2,0,0,0,0
"sbs","Mackenzie",4,"3","CC","FB",1993,5,5,0,94.9,40.1,0,0,0,0,0
"sbs","Mackenzie",5,"1","CC","FB",1993,5,5,0,71.2,15.1,15,0,0,1,0
"sbs","Mackenzie",5,"2","CC","FB",1993,5,5,0,59.8,26.5,5,0,0,0,0
"sbs","Mackenzie",5,"3","CC","FB",1993,5,5,0,87.1,15.1,0,0,0,0,0
"sbs","Mackenzie",4,"1","CC","FB",1998,10,10,10.1,57.2,6.7,1,0,0.2,0.1,0
"sbs","Mackenzie",4,"2","CC","FB",1998,10,10,10.1,57.9,0.6,3.1,0,0,6,0
"sbs","Mackenzie",4,"3","CC","FB",1998,10,10,20,86.5,2.4,1.2,0,0,0.1,0
"sbs","Mackenzie",5,"1","CC","FB",1998,10,10,15,44.8,2.4,41,0,0,1.1,0
"sbs","Mackenzie",5,"2","CC","FB",1998,10,10,15,63.7,0.8,15.1,0,0,0.1,0
"sbs","Mackenzie",5,"3","CC","FB",1998,10,10,10,75.3,3.4,2.5,0.1,0,0,0
"sbs","Mackenzie",4,"1","CC","FB",2007,20,20,45,118.5,15.5,35,0,9,39,0
"sbs","Mackenzie",4,"2","CC","FB",2007,20,20,32,36.7,1.4,20,0,1.1,6.2,0
"sbs","Mackenzie",4,"3","CC","FB",2007,20,20,20,71.5,3.3,30,0,0.5,3.2,0
"sbs","Mackenzie",5,"1","CC","FB",2007,20,20,25,97,3.1,60,0,0.1,7,0
"sbs","Mackenzie",5,"2","CC","FB",2007,20,20,30,98.5,6.5,95,0,2.5,2,0
"sbs","Mackenzie",5,"3","CC","FB",2007,20,20,51,57.6,2.3,25,0,0.1,0.2,0
"sbs","Helene",1,"a","CC","FB",1983,1,1,0.5,11.5,0.5,0,0,0,4,3
"sbs","Helene",1,"b","CC","FB",1983,1,1,0.5,13.5,0,0,0,0,4,3
"sbs","Helene",1,"c","CC","FB",1983,1,1,0.5,15.5,2,0,0,0,3.5,0
"sbs","Helene",1,"d","CC","FB",1983,1,1,0,2,1,1,0,0,2,0
"sbs","Helene",1,"e","CC","FB",1983,1,1,1,1.5,0.5,0,0,0,1,0
"sbs","Helene",2,"a","CC","FB",1983,1,1,0,3.5,2.5,1,0,0.5,0,3
"sbs","Helene",2,"b","CC","FB",1983,1,1,0.5,37,1.5,1,0,0.5,0.5,1
"sbs","Helene",2,"c","CC","FB",1983,1,1,0,23.5,7,0,0,0,0,4
"sbs","Helene",2,"d","CC","FB",1983,1,1,2,2.5,62,0,0,0.5,0,0.5
"sbs","Helene",2,"e","CC","FB",1983,1,1,0,20.5,13,0,0,0,0.5,0.5
"sbs","Helene",3,"a","CC","FB",1983,1,1,0.5,26,2,0,0,0,2.5,0
"sbs","Helene",3,"b","CC","FB",1983,1,1,0.5,18,0,0,0,0,2,0.5
"sbs","Helene",3,"c","CC","FB",1983,1,1,0.5,0.5,0,0,0,0,2,1
"sbs","Helene",3,"d","CC","FB",1983,1,1,0.5,6,0.5,0,0,0,4,3
"sbs","Helene",3,"e","CC","FB",1983,1,1,0.5,5.5,0,0,0,0,4,1
"sbs","Helene",1,"a","CC","FB",1987,5,5,2,18,0,0,0,0,7,1
"sbs","Helene",1,"b","CC","FB",1987,5,5,2,24,0,0,0,0,5,2
"sbs","Helene",1,"c","CC","FB",1987,5,5,2,16.5,4,0,0,0.5,6,0
"sbs","Helene",1,"d","CC","FB",1987,5,5,2,9,0,5,0,0,4,0
"sbs","Helene",1,"e","CC","FB",1987,5,5,2,5,3,0,0,0,2,0
"sbs","Helene",2,"a","CC","FB",1987,5,5,0,30,26,0.5,0,0,0,2
"sbs","Helene",2,"b","CC","FB",1987,5,5,2,38.5,7,3,0,0,0.5,1
"sbs","Helene",2,"c","CC","FB",1987,5,5,0.5,7,30,0,0,0,0,3
"sbs","Helene",2,"d","CC","FB",1987,5,5,2,2.5,62,0,0,0.5,0,0.5
"sbs","Helene",2,"e","CC","FB",1987,5,5,0,55.5,55.5,0,0,0,0,0
"sbs","Helene",3,"a","CC","FB",1987,5,5,0,30.5,0,0,0,0,2.5,0.5
"sbs","Helene",3,"b","CC","FB",1987,5,5,0,13.5,2,0,0,0,2,1
"sbs","Helene",3,"c","CC","FB",1987,5,5,3,8,0,1,0,0,2,0.5
"sbs","Helene",3,"d","CC","FB",1987,5,5,3,28,3,0,0,0,13,3
"sbs","Helene",3,"e","CC","FB",1987,5,5,2,16.5,1.5,0,0,0,7,1
"sbs","Helene",1,"a","CC","FB",1992,10,10,11,41.6,0,0,0,0,14.1,4
"sbs","Helene",1,"b","CC","FB",1992,10,10,15,24.5,1.5,0,0,0,5,7
"sbs","Helene",1,"c","CC","FB",1992,10,10,40,19.1,4.1,0,0,0,14,5
"sbs","Helene",1,"d","CC","FB",1992,10,10,11,15,2,20,0,0,8,1
"sbs","Helene",1,"e","CC","FB",1992,10,10,12,7.1,15,0,0,0,1,0
"sbs","Helene",2,"a","CC","FB",1992,10,10,2,28,36,10,0,0.5,0,4
"sbs","Helene",2,"b","CC","FB",1992,10,10,6,20,5,2,0,0,0,3
"sbs","Helene",2,"c","CC","FB",1992,10,10,12,5.5,23,0,0,0,0,10
"sbs","Helene",2,"d","CC","FB",1992,10,10,6,4,47,2,0,0,0,1
"sbs","Helene",2,"e","CC","FB",1992,10,10,6,34,52,2,0,0,0,0
"sbs","Helene",3,"a","CC","FB",1992,10,10,12,49.5,0,0,0,0,3,0.5
"sbs","Helene",3,"b","CC","FB",1992,10,10,5,24,0.5,6,0,0,3,3
"sbs","Helene",3,"c","CC","FB",1992,10,10,10,6.5,0,6,0,0,1,3
"sbs","Helene",3,"d","CC","FB",1992,10,10,12,25.5,1,4,0,0,26,7
"sbs","Helene",3,"e","CC","FB",1992,10,10,15,19,0.5,6,0,0,11,2
"sbs","Helene",1,"a","CC","FB",2003,21,20,30,26.5,0,1,0,0,71,25
"sbs","Helene",1,"b","CC","FB",2003,21,20,40,23,0,4,0,4,23,27
"sbs","Helene",1,"c","CC","FB",2003,21,20,57,34,1,13,0,0,66,8
"sbs","Helene",1,"d","CC","FB",2003,21,20,28,9,2,28,0,0,75,3
"sbs","Helene",1,"e","CC","FB",2003,21,20,13,16.5,0.5,0,2,0,17,0
"sbs","Helene",2,"a","CC","FB",2003,21,20,17.5,19,6.5,42,0,1,0,17
"sbs","Helene",2,"b","CC","FB",2003,21,20,15,55,2,4,0,0.5,2,7
"sbs","Helene",2,"c","CC","FB",2003,21,20,50,2,1.5,0,0,12,0,22
"sbs","Helene",2,"d","CC","FB",2003,21,20,32,2,1,8,0,1,0,3
"sbs","Helene",2,"e","CC","FB",2003,21,20,40,44,2,11,0,0,8,0
"sbs","Helene",3,"a","CC","FB",2003,21,20,30,54.5,1.5,5,0,0,18.5,2
"sbs","Helene",3,"b","CC","FB",2003,21,20,7,32.5,0.5,0,0,3,13,5
"sbs","Helene",3,"c","CC","FB",2003,21,20,55,8,0,7,0,0,47,5
"sbs","Helene",3,"d","CC","FB",2003,21,20,40.5,36,3,6,0,1,77,8
"sbs","Helene",3,"e","CC","FB",2003,21,20,40,27,0.5,1,0,0,25,0
"essf","Herron",1,"a","CC","FB",1984,1,1,0,30.5,0,0,0,0,2.5,4
"essf","Herron",1,"b","CC","FB",1984,1,1,0,8,0,0,0,0,0,3
"essf","Herron",1,"c","CC","FB",1984,1,1,0,10,0,0,0,0.5,0.5,2
"essf","Herron",1,"d","CC","FB",1984,1,1,0,0.5,0,0,0,0.5,2,2
"essf","Herron",1,"e","CC","FB",1984,1,1,0,3,0,0,0,0.5,0.5,10
"essf","Herron",3,"a","CC","FB",1984,1,1,0,30,0,0.5,0,0,0.5,0.5
"essf","Herron",3,"b","CC","FB",1984,1,1,0,9,0,0.5,0,0,1,0.5
"essf","Herron",3,"c","CC","FB",1984,1,1,0,0,0,0.5,0,0.5,2,1
"essf","Herron",3,"d","CC","FB",1984,1,1,0,1,0,0,0,0.5,3,0.5
"essf","Herron",3,"e","CC","FB",1984,1,1,0,2,0,0,0,0.5,1.5,0.5
"essf","Herron",1,"a","CC","FB",1987,4,5,0.5,25,0,0,0,0.5,3.5,4
"essf","Herron",1,"b","CC","FB",1987,4,5,0.5,7,0,0,0,0,0,4
"essf","Herron",1,"c","CC","FB",1987,4,5,0,16,0,0,0,0,1,3
"essf","Herron",1,"d","CC","FB",1987,4,5,0.5,18,2,0,0,0,7,5
"essf","Herron",1,"e","CC","FB",1987,4,5,0,7,1,0,0,0.5,3,10
"essf","Herron",3,"a","CC","FB",1987,4,5,0,15,0.5,0,0,0,3,2
"essf","Herron",3,"b","CC","FB",1987,4,5,0,9,3,1,0,0,5,2
"essf","Herron",3,"c","CC","FB",1987,4,5,0,50,0,0,0,0,3,1
"essf","Herron",3,"d","CC","FB",1987,4,5,0.5,5.5,4,0,0,0,12,1
"essf","Herron",3,"e","CC","FB",1987,4,5,1,31.5,0,0,0,0,4,3
"essf","Herron",1,"a","CC","FB",1991,8,10,2,24,0,0,0,0,3,8
"essf","Herron",1,"b","CC","FB",1991,8,10,3,13,1,0,0,0,0,6
"essf","Herron",1,"c","CC","FB",1991,8,10,0,35,7,0,0,1,6,3
"essf","Herron",1,"d","CC","FB",1991,8,10,4,12,7,0,0,1,3,6
"essf","Herron",1,"e","CC","FB",1991,8,10,0,8,8,0,0,0,7,9
"essf","Herron",3,"a","CC","FB",1991,8,10,0,19.5,4,2,0,0,4,2
"essf","Herron",3,"b","CC","FB",1991,8,10,1,17.5,7,4,0,0,15.5,1
"essf","Herron",3,"c","CC","FB",1991,8,10,2,21,0,0,0,0,4.5,0.5
"essf","Herron",3,"d","CC","FB",1991,8,10,4,9,7.5,0,0,0,29,1
"essf","Herron",3,"e","CC","FB",1991,8,10,1,11,2,0,0,0,13,4
"essf","Herron",1,"a","CC","FB",2000,17,20,20,53.5,9,0,0,0,33,20
"essf","Herron",1,"b","CC","FB",2000,17,20,38,5,9,25,0,5,43,25
"essf","Herron",1,"c","CC","FB",2000,17,20,36,12,1,0,0,1,15,12
"essf","Herron",1,"d","CC","FB",2000,17,20,9.5,23,12,0,0,5,40,8
"essf","Herron",1,"e","CC","FB",2000,17,20,30.5,42,11,6.5,0,0,40,12
"essf","Herron",3,"a","CC","FB",2000,17,20,15,27.5,6.5,0,0,2,14,12
"essf","Herron",3,"b","CC","FB",2000,17,20,8,19.5,24.5,2,0,0,32,8
"essf","Herron",3,"c","CC","FB",2000,17,20,7,16,13.5,0.5,0,1,13,12
"essf","Herron",3,"d","CC","FB",2000,17,20,23,11,10.5,0,0,0,25.5,10
"essf","Herron",3,"e","CC","FB",2000,17,20,26,23.5,10.5,0,0,10,11,30
"sbs","Walcott",1,"a","CC","FB",1983,1,1,0.5,7.5,1.5,0,0,0,4,1
"sbs","Walcott",1,"b","CC","FB",1983,1,1,0.5,4.5,1.5,0,0,0,3.2,5.5
"sbs","Walcott",1,"c","CC","FB",1983,1,1,0.5,4,5.5,0,1,0,5,2
"sbs","Walcott",1,"d","CC","FB",1983,1,1,1,5.5,0,0,0,0,3,2
"sbs","Walcott",1,"e","CC","FB",1983,1,1,0.5,5,1.5,0,1,0,1,2
"sbs","Walcott",2,"a","CC","FB",1983,1,1,0.5,5.5,17,6,0,0,4.5,4
"sbs","Walcott",2,"b","CC","FB",1983,1,1,0.5,0.5,0.5,2,0,0.5,13,4
"sbs","Walcott",2,"c","CC","FB",1983,1,1,0.5,0.5,7.5,2,0,0,5,0.5
"sbs","Walcott",2,"d","CC","FB",1983,1,1,0.5,6,6.5,2,0,0,4.5,5
"sbs","Walcott",2,"e","CC","FB",1983,1,1,0.5,4,4.5,0.5,0,0,2.5,5
"sbs","Walcott",3,"a","CC","FB",1983,1,1,0.5,9,1,0,0,0,1.5,1
"sbs","Walcott",3,"b","CC","FB",1983,1,1,0.5,1,1,0,0,0.5,2,1
"sbs","Walcott",3,"c","CC","FB",1983,1,1,0.5,2.5,0.5,0,0,0,4,2
"sbs","Walcott",3,"d","CC","FB",1983,1,1,0.5,5,0.5,0,0,0,3,3
"sbs","Walcott",3,"e","CC","FB",1983,1,1,0,1,0.5,0,0,0,3.5,3
"sbs","Walcott",1,"a","CC","FB",1987,5,5,4,16,10,0,3,0,2,0.5
"sbs","Walcott",1,"b","CC","FB",1987,5,5,1,21,4,0,1,0,3,2.5
"sbs","Walcott",1,"c","CC","FB",1987,5,5,5,13,10,0,5,0,3,2.5
"sbs","Walcott",1,"d","CC","FB",1987,5,5,0,20,2,0,0,0,2.5,0.5
"sbs","Walcott",1,"e","CC","FB",1987,5,5,3,14,1,0,2,0,1,0.5
"sbs","Walcott",2,"a","CC","FB",1987,5,5,1,10.5,0.5,5,0,0,5,0
"sbs","Walcott",2,"b","CC","FB",1987,5,5,2,4,1,7,0,0,12,2
"sbs","Walcott",2,"c","CC","FB",1987,5,5,2,10,5,4,0,0,2.5,0
"sbs","Walcott",2,"d","CC","FB",1987,5,5,2,6,3,2,0,0,8.5,0
"sbs","Walcott",2,"e","CC","FB",1987,5,5,2,7,3,1,0,0,3,0
"sbs","Walcott",3,"a","CC","FB",1987,5,5,3,8,9,0,0,0,2.5,0.5
"sbs","Walcott",3,"b","CC","FB",1987,5,5,0.5,7,7,0,0,0,3,0
"sbs","Walcott",3,"c","CC","FB",1987,5,5,3,6.5,2,0,0,0,7.5,0.5
"sbs","Walcott",3,"d","CC","FB",1987,5,5,0,6.5,5,0,0,0,1.5,0
"sbs","Walcott",3,"e","CC","FB",1987,5,5,0,3.5,9,0,0,0,2.5,0.5
"sbs","Walcott",1,"a","CC","FB",1992,10,10,30,21,2,0,4,0,2.1,3
"sbs","Walcott",1,"b","CC","FB",1992,10,10,8,34,3,0,4,0,5,6
"sbs","Walcott",1,"c","CC","FB",1992,10,10,35,25.1,5,0,1,0,5.1,10
"sbs","Walcott",1,"d","CC","FB",1992,10,10,4,32.2,0.1,0,0,0,12,20
"sbs","Walcott",1,"e","CC","FB",1992,10,10,25,17,1,0.1,0,0,5,1
"sbs","Walcott",2,"a","CC","FB",1992,10,10,15,29.5,0.1,25,0,0,13.5,3.1
"sbs","Walcott",2,"b","CC","FB",1992,10,10,6,3,1,20,0,0.5,14,5
"sbs","Walcott",2,"c","CC","FB",1992,10,10,20,4,3.1,7,0,0,3.1,0.1
"sbs","Walcott",2,"d","CC","FB",1992,10,10,30,12,2,20,0,0.1,18,3
"sbs","Walcott",2,"e","CC","FB",1992,10,10,30,1.1,5,23,0,0,2.1,3
"sbs","Walcott",3,"a","CC","FB",1992,10,10,7,9.1,8,0,0,0,8,0.1
"sbs","Walcott",3,"b","CC","FB",1992,10,10,2,5,12,0,0,0,8,2
"sbs","Walcott",3,"c","CC","FB",1992,10,10,7,2.1,3,0.1,0,0,18,3
"sbs","Walcott",3,"d","CC","FB",1992,10,10,0,1.1,9,0,0,0,4.1,0.1
"sbs","Walcott",3,"e","CC","FB",1992,10,10,5,3.1,11,0,0,0,5.2,0.2
"sbs","Walcott",1,"a","CC","FB",2003,21,20,80,9,0.1,0,0.1,0,9,7
"sbs","Walcott",1,"b","CC","FB",2003,21,20,29,15,2,0,0,0,4.1,33
"sbs","Walcott",1,"c","CC","FB",2003,21,20,75.1,7.2,0,0,2,0,19,38
"sbs","Walcott",1,"d","CC","FB",2003,21,20,24,19.1,1,0,0,0,10,49
"sbs","Walcott",1,"e","CC","FB",2003,21,20,74,14.1,1,1,1,0,43.1,8
"sbs","Walcott",2,"a","CC","FB",2003,21,20,60,55.1,1.1,25,0,1,32.1,12
"sbs","Walcott",2,"b","CC","FB",2003,21,20,40,4.1,0,18,0,1,53,12
"sbs","Walcott",2,"c","CC","FB",2003,21,20,45,6,0.1,8,0,1,22,3
"sbs","Walcott",2,"d","CC","FB",2003,21,20,55,13.3,2,23,0,0.1,42,16
"sbs","Walcott",2,"e","CC","FB",2003,21,20,33,25,3,25,0,0,20,9
"sbs","Walcott",3,"a","CC","FB",2003,21,20,51,35,3,0,0,0,78,5.5
"sbs","Walcott",3,"b","CC","FB",2003,21,20,70,4.5,7,0,0,0.5,36,7
"sbs","Walcott",3,"c","CC","FB",2003,21,20,80,3.5,0.5,0,0,0,35,8
"sbs","Walcott",3,"d","CC","FB",2003,21,20,35,1,1.5,0,0,0,14,6
"sbs","Walcott",3,"e","CC","FB",2003,21,20,60,5,0,0,0,0,14,7
"essf","Otter Creek",1,"1","CC","FB",1990,1,1,0,97.2,3,0,0,0,4,45
"essf","Otter Creek",1,"2","CC","FB",1990,1,1,0,104.3,8,0,0,0,6,3
"essf","Otter Creek",1,"3","CC","FB",1990,1,1,0,15.1,0,0,0,0,1.5,1.5
"essf","Otter Creek",1,"4","CC","FB",1990,1,1,0,21.5,0.1,0,0,0,0.3,4
"essf","Otter Creek",1,"5","CC","FB",1990,1,1,0,122.2,0,0,0,0.1,6,9.5
"essf","Otter Creek",2,"11","CC","FB",1990,1,1,0,50,1.2,0,0,0,4,12.5
"essf","Otter Creek",2,"12","CC","FB",1990,1,1,0,43,0,0,0,0,1,6
"essf","Otter Creek",2,"13","CC","FB",1990,1,1,0,23.9,0,0,0,0,0.6,0.1
"essf","Otter Creek",2,"14","CC","FB",1990,1,1,0,74.1,7.6,0,0,1,0.1,10.6
"essf","Otter Creek",2,"15","CC","FB",1990,1,1,0,121.6,0.5,0,0,0.1,12.1,45
"essf","Otter Creek",3,"21","CC","FB",1990,1,1,0,65.3,0,0,0,0,5,0.1
"essf","Otter Creek",3,"22","CC","FB",1990,1,1,0,71.1,0.1,0,0,0,0,3
"essf","Otter Creek",3,"23","CC","FB",1990,1,1,0,31,0,0,0,0,1,1
"essf","Otter Creek",3,"24","CC","FB",1990,1,1,0,32.1,0,0,0,0.5,5,3
"essf","Otter Creek",1,"1","CC","FB",1994,5,5,0,158,0.5,0,0,0,18,34
"essf","Otter Creek",1,"2","CC","FB",1994,5,5,0,104.6,1.1,0,0,0,11.1,5
"essf","Otter Creek",1,"3","CC","FB",1994,5,5,0,56.2,0.2,0,0,0,6,4
"essf","Otter Creek",1,"4","CC","FB",1994,5,5,0,95.2,1.5,0,0,0,1.1,26
"essf","Otter Creek",1,"5","CC","FB",1994,5,5,0,160.5,0,0,0,0.1,15.5,22.5
"essf","Otter Creek",2,"11","CC","FB",1994,5,5,0,131.7,7.1,0,0,0,15,14
"essf","Otter Creek",2,"12","CC","FB",1994,5,5,0,127,2,0,0,0,20,17
"essf","Otter Creek",2,"13","CC","FB",1994,5,5,0,106,2.1,0,0,0,2.1,8
"essf","Otter Creek",2,"14","CC","FB",1994,5,5,0,152.1,0.1,0,0,0.5,0.5,16.5
"essf","Otter Creek",2,"15","CC","FB",1994,5,5,0,92.2,2,0,0,0.1,13,22
"essf","Otter Creek",3,"21","CC","FB",1994,5,5,0,96,0.2,0,0,0,5,8
"essf","Otter Creek",3,"22","CC","FB",1994,5,5,0,94,1,0.5,0,0,1,10
"essf","Otter Creek",3,"23","CC","FB",1994,5,5,0,78,1.2,0,0,0,1,10
"essf","Otter Creek",3,"24","CC","FB",1994,5,5,0,110,0.1,0,0,0,5,12
"essf","Otter Creek",1,"1","CC","FB",2000,11,10,1,120,2,0,0,0,7,50
"essf","Otter Creek",1,"2","CC","FB",2000,11,10,0,99.1,1,0,0,0,7.1,13
"essf","Otter Creek",1,"3","CC","FB",2000,11,10,1,48,4,0,0,0,17,35
"essf","Otter Creek",1,"4","CC","FB",2000,11,10,2,49.1,0.1,0,0,0,1,63
"essf","Otter Creek",1,"5","CC","FB",2000,11,10,1,128,0,0,0,1,6,23
"essf","Otter Creek",2,"11","CC","FB",2000,11,10,0,70,6.5,0.1,0,0,15,31
"essf","Otter Creek",2,"12","CC","FB",2000,11,10,0,92,3,0,0,0,5,37
"essf","Otter Creek",2,"13","CC","FB",2000,11,10,2,47,2.2,0,0,0,2,15
"essf","Otter Creek",2,"14","CC","FB",2000,11,10,0,119.5,7,0,0,1,1,17
"essf","Otter Creek",2,"15","CC","FB",2000,11,10,0,95,3,0,0,0.1,13,26
"essf","Otter Creek",3,"21","CC","FB",2000,11,10,0.5,90.5,1.2,0,0,0,5,30
"essf","Otter Creek",3,"22","CC","FB",2000,11,10,0.5,82,2.5,2,0,0,5,30
"essf","Otter Creek",3,"23","CC","FB",2000,11,10,1,75,1.5,0,0,0,1,27
"essf","Otter Creek",3,"24","CC","FB",2000,11,10,0,51.7,3,0,0,0,3,18
"essf","Otter Creek",1,"1","CC","FB",2007,18,20,10,95,1,0,0,0,3,110
"essf","Otter Creek",1,"2","CC","FB",2007,18,20,0,219,20,0,0,0,35,70
"essf","Otter Creek",1,"3","CC","FB",2007,18,20,11,52.1,7,0,0,0,7,55
"essf","Otter Creek",1,"4","CC","FB",2007,18,20,0,204,16,0,0,0,15,67
"essf","Otter Creek",1,"5","CC","FB",2007,18,20,1,162.1,0.1,0,0,5,5,46
"essf","Otter Creek",2,"11","CC","FB",2007,18,20,0,82,1.5,2,0,0,15,44
"essf","Otter Creek",2,"12","CC","FB",2007,18,20,0,65,1,0,0,0,3,65
"essf","Otter Creek",2,"13","CC","FB",2007,18,20,3,75,10.5,0,0,0,5,52
"essf","Otter Creek",2,"14","CC","FB",2007,18,20,0,59,5.1,0,0,1,1,65
"essf","Otter Creek",2,"15","CC","FB",2007,18,20,0.1,123.1,0,0,0,0,15,74
"essf","Otter Creek",3,"21","CC","FB",2007,18,20,0,73,0,0,0,0,3,24
"essf","Otter Creek",3,"22","CC","FB",2007,18,20,1.5,40,4,4,0,0,2,67
"essf","Otter Creek",3,"23","CC","FB",2007,18,20,1,60,3.1,0,0,0,1,35
"essf","Otter Creek",3,"24","CC","FB",2007,18,20,1,41.1,3,0,0,0,3.1,71
"essf","Otter Creek",4,"31","CC","SB",1990,1,1,0,9.6,0,0,0,0,0,4.5
"essf","Otter Creek",4,"32","CC","SB",1990,1,1,0,68.6,5.5,0,0,0,0.1,1.5
"essf","Otter Creek",4,"33","CC","SB",1990,1,1,0,8.1,0,0,0,0,0.5,2.5
"essf","Otter Creek",4,"34","CC","SB",1990,1,1,0,20,0.1,0,0,0,0,7.5
"essf","Otter Creek",4,"35","CC","SB",1990,1,1,12,91.5,0,0,0,0,0,18.5
"essf","Otter Creek",4,"36","CC","SB",1990,1,1,0,20,0.5,0,0,0,0,1.5
"essf","Otter Creek",4,"37","CC","SB",1990,1,1,0,36,10.2,0,0,0,0.5,8.5
"essf","Otter Creek",4,"38","CC","SB",1990,1,1,0,24.2,5,0,0,0,1,4.5
"essf","Otter Creek",4,"39","CC","SB",1990,1,1,0,13.3,0.6,0,0,0,0.6,4.1
"essf","Otter Creek",4,"40","CC","SB",1990,1,1,0,20.2,1.1,0,0,0,0.2,4
"essf","Otter Creek",5,"41","CC","SB",1990,1,1,0,33,0,4,0,0,1,5
"essf","Otter Creek",5,"42","CC","SB",1990,1,1,0,51,0,0,0,0.1,4,19
"essf","Otter Creek",5,"43","CC","SB",1990,1,1,0,16.6,0,0,0,0,0,5.1
"essf","Otter Creek",5,"44","CC","SB",1990,1,1,0,21.6,1,0,0,0,0.1,6
"essf","Otter Creek",5,"45","CC","SB",1990,1,1,0,4.8,10.2,0,0,0,0,9.5
"essf","Otter Creek",5,"46","CC","SB",1990,1,1,0,15.2,0,0,0,0,0,13
"essf","Otter Creek",5,"47","CC","SB",1990,1,1,0,8,1.1,0,0,0,0,10
"essf","Otter Creek",5,"48","CC","SB",1990,1,1,0,11.2,3,0,0,0,0.1,3
"essf","Otter Creek",5,"49","CC","SB",1990,1,1,0,28.3,1,0,0,0,3,5
"essf","Otter Creek",5,"50","CC","SB",1990,1,1,0,27.5,0,0,0,0,0.6,2.5
"essf","Otter Creek",4,"31","CC","SB",1994,5,5,0,39.1,2,0,0,0,0.1,6
"essf","Otter Creek",4,"32","CC","SB",1994,5,5,0,46,4.6,0,0,0,1,4
"essf","Otter Creek",4,"33","CC","SB",1994,5,5,0,81,0,0,0,0,0.5,7
"essf","Otter Creek",4,"34","CC","SB",1994,5,5,0,53.5,3,0,0,0,0.5,11
"essf","Otter Creek",4,"35","CC","SB",1994,5,5,5,62,1.1,0,0,0,0,10
"essf","Otter Creek",4,"36","CC","SB",1994,5,5,0,84.5,3.7,0,0,0,1.5,4
"essf","Otter Creek",4,"37","CC","SB",1994,5,5,0,68,5.5,0,0,0.1,1,10
"essf","Otter Creek",4,"38","CC","SB",1994,5,5,0,70.5,12,0,0,0,2,10
"essf","Otter Creek",4,"39","CC","SB",1994,5,5,0,38.6,6.6,0,0,0,2.6,9
"essf","Otter Creek",4,"40","CC","SB",1994,5,5,0,57.1,5.2,0,0,0,5.5,5.5
"essf","Otter Creek",5,"41","CC","SB",1994,5,5,0,65.6,1.6,5,0,0.1,1.5,12
"essf","Otter Creek",5,"42","CC","SB",1994,5,5,0,120.6,0.1,0,0,0.1,10,10.6
"essf","Otter Creek",5,"43","CC","SB",1994,5,5,0,75.2,0.6,0,0,0,1.1,10.5
"essf","Otter Creek",5,"44","CC","SB",1994,5,5,0,26.1,8.5,0,0,0,1.1,14
"essf","Otter Creek",5,"45","CC","SB",1994,5,5,0,22.6,8,0,0,0,1,11
"essf","Otter Creek",5,"46","CC","SB",1994,5,5,0,48,6.1,0,0,0,0,10
"essf","Otter Creek",5,"47","CC","SB",1994,5,5,0,73.1,8,0,0,0,0.5,11
"essf","Otter Creek",5,"48","CC","SB",1994,5,5,0,75.1,5.6,0,0,0,2,5
"essf","Otter Creek",5,"49","CC","SB",1994,5,5,0,63.1,1.1,0,0,0,5.1,8
"essf","Otter Creek",5,"50","CC","SB",1994,5,5,0,78.1,4.1,0,0,0,2.2,12
"essf","Otter Creek",4,"31","CC","SB",2000,11,10,0,38.2,2.1,0,0,0,1,24
"essf","Otter Creek",4,"32","CC","SB",2000,11,10,0.1,68,3.7,0,0,0,1,27
"essf","Otter Creek",4,"33","CC","SB",2000,11,10,1,58.5,0.1,0,0,0,0.5,7
"essf","Otter Creek",4,"34","CC","SB",2000,11,10,0.1,37.6,3,0.1,0,0,1,34
"essf","Otter Creek",4,"35","CC","SB",2000,11,10,18,62.5,2.1,0,0,0,0,17
"essf","Otter Creek",4,"36","CC","SB",2000,11,10,0,70.5,5.1,0,0,0,2,12
"essf","Otter Creek",4,"37","CC","SB",2000,11,10,0.1,47,4.7,0,0,0.1,1,19
"essf","Otter Creek",4,"38","CC","SB",2000,11,10,0,57.1,6.2,0,0,0,2.1,16
"essf","Otter Creek",4,"39","CC","SB",2000,11,10,0,41.1,6.1,0,0,0,5.1,19
"essf","Otter Creek",4,"40","CC","SB",2000,11,10,0,60,2.6,5,0,0,6,26
"essf","Otter Creek",5,"41","CC","SB",2000,11,10,1,44,3.1,5,0,0,2,25
"essf","Otter Creek",5,"42","CC","SB",2000,11,10,1,72.6,1.6,0,0,0.1,10,22
"essf","Otter Creek",5,"43","CC","SB",2000,11,10,1,42.2,1.5,0,0,0,2.1,19
"essf","Otter Creek",5,"44","CC","SB",2000,11,10,1,30,5.5,0,0,0,1,28
"essf","Otter Creek",5,"45","CC","SB",2000,11,10,2,14.3,3,0,0,0,1,18
"essf","Otter Creek",5,"46","CC","SB",2000,11,10,1,24,5.5,0,0,0,0,25
"essf","Otter Creek",5,"47","CC","SB",2000,11,10,1,32.2,8,0,0,0,0.5,21
"essf","Otter Creek",5,"48","CC","SB",2000,11,10,0.5,41.5,9.5,0,0,0,4,20
"essf","Otter Creek",5,"49","CC","SB",2000,11,10,0.5,59.1,3,0,0,0,9,17
"essf","Otter Creek",5,"50","CC","SB",2000,11,10,0.5,38.6,4,0,0,0,5.2,36
"essf","Otter Creek",4,"31","CC","SB",2007,18,20,22,206,14,0,0,0,10,60
"essf","Otter Creek",4,"32","CC","SB",2007,18,20,15,143,12,0,0,0,7,46
"essf","Otter Creek",4,"33","CC","SB",2007,18,20,10,223,10,0,0,0,6,90
"essf","Otter Creek",4,"34","CC","SB",2007,18,20,0,158,19,0,0,5,5,87
"essf","Otter Creek",4,"35","CC","SB",2007,18,20,50,215,15,0,0,0,0,95
"essf","Otter Creek",4,"36","CC","SB",2007,18,20,0.1,56.1,11.1,0,0,0.1,1.1,55.1
"essf","Otter Creek",4,"37","CC","SB",2007,18,20,5,65.1,11.1,0,0,1,1,35
"essf","Otter Creek",4,"38","CC","SB",2007,18,20,1,114.2,5,0,0,0.1,5,47
"essf","Otter Creek",4,"39","CC","SB",2007,18,20,7,168,32,0,0,5,27,79
"essf","Otter Creek",4,"40","CC","SB",2007,18,20,1,72.1,1,10,0,0,15,56
"essf","Otter Creek",5,"41","CC","SB",2007,18,20,1,95.1,1.1,10,0,1,2,55
"essf","Otter Creek",5,"42","CC","SB",2007,18,20,2,51,1.1,0,0,1,8,21
"essf","Otter Creek",5,"43","CC","SB",2007,18,20,5.1,49.2,0.2,0,0,0,5.1,75.5
"essf","Otter Creek",5,"44","CC","SB",2007,18,20,1,69.5,7,0,0,0,1.5,47
"essf","Otter Creek",5,"45","CC","SB",2007,18,20,10,56.1,2.1,0,0,0,0.1,70
"essf","Otter Creek",5,"46","CC","SB",2007,18,20,2.1,51,4,0,0,0,3.1,57
"essf","Otter Creek",5,"47","CC","SB",2007,18,20,1,35.5,3,0,0,0,0.1,50
"essf","Otter Creek",5,"48","CC","SB",2007,18,20,0,38.2,0.3,0,0,0,0.5,50
"essf","Otter Creek",5,"49","CC","SB",2007,18,20,2,70,1,0,0,0,13,35
"essf","Otter Creek",5,"50","CC","SB",2007,18,20,1,27,3,0,0,0,7,50
"ich","Walker Creek",1,"01F1","CC","FB",1987,1,1,0,37.5,1.5,0,0,0,0,0
"ich","Walker Creek",1,"01V1","CC","FB",1987,1,1,0,21,1,0,0,0,0,0
"ich","Walker Creek",1,"01V2","CC","FB",1987,1,1,0,74.5,0.6,0,0,0,0,0
"ich","Walker Creek",1,"01V3","CC","FB",1987,1,1,0,27.6,0.5,0,0,0,0,0.5
"ich","Walker Creek",1,"01V4","CC","FB",1987,1,1,0,10,10,0,0,0,0.5,0
"ich","Walker Creek",1,"02F1","CC","FB",1987,1,1,0,89,1,0,0,0,0,0
"ich","Walker Creek",1,"02V1","CC","FB",1987,1,1,0,70,0,0,0,0,1,0
"ich","Walker Creek",1,"02V2","CC","FB",1987,1,1,0,21.5,0,0,0,0,5,0
"ich","Walker Creek",1,"03F1","CC","FB",1987,1,1,0,42,6.5,0,0,0,0.1,0
"ich","Walker Creek",1,"03V1","CC","FB",1987,1,1,0,30,0.5,0,0,0,0,0
"ich","Walker Creek",1,"03V2","CC","FB",1987,1,1,0,4.5,0.5,0,0,0,1,0
"ich","Walker Creek",1,"04F1","CC","FB",1987,1,1,0,102.1,0.5,0,0,0,0.5,0
"ich","Walker Creek",1,"04F2","CC","FB",1987,1,1,0,68,15,0,0,0,0,0
"ich","Walker Creek",1,"04F3","CC","FB",1987,1,1,0,3.2,2.5,0,0,0,0,0
"ich","Walker Creek",1,"04V2","CC","FB",1987,1,1,0,2.5,0,0,0,0,3,0
"ich","Walker Creek",1,"05V1","CC","FB",1987,1,1,0,61.5,5,0,0,0,0,5
"ich","Walker Creek",1,"06V1","CC","FB",1987,1,1,0,139,2,0,0,0,0.5,0
"ich","Walker Creek",1,"06V2","CC","FB",1987,1,1,0,10.1,0.1,0,0,0,0,0
"ich","Walker Creek",1,"06V3","CC","FB",1987,1,1,0,11.5,12,0,0,0,0,0
"ich","Walker Creek",1,"07F1","CC","FB",1987,1,1,0,95,10,0,0,0,5,2
"ich","Walker Creek",1,"08V1","CC","FB",1987,1,1,0,25,6,0,0,0,0,0
"ich","Walker Creek",1,"08V2","CC","FB",1987,1,1,0,4.2,1.5,0,0,0,0,0
"ich","Walker Creek",1,"09F1","CC","FB",1987,1,1,0,51,10,0,0,0,0,0
"ich","Walker Creek",1,"09F2","CC","FB",1987,1,1,0,30.6,2.5,0,0,0,0,0
"ich","Walker Creek",1,"09F3","CC","FB",1987,1,1,0,25,1.5,0,0,0,0,0
"ich","Walker Creek",1,"10F1","CC","FB",1987,1,1,0,51.5,0.5,0,0,0,0,0
"ich","Walker Creek",1,"10V1","CC","FB",1987,1,1,0,112.5,0.5,0,0,0,0,0
"ich","Walker Creek",1,"11F1","CC","FB",1987,1,1,0,65.5,1.5,0,0,0,0,0
"ich","Walker Creek",1,"11V1","CC","FB",1987,1,1,0,42,16,0,0,0,0,0
"ich","Walker Creek",2,"01F1","CC","FB",1987,1,1,0,33.5,2.5,0,0,0,0,0
"ich","Walker Creek",2,"01V1","CC","FB",1987,1,1,0,47.1,17,0,0,0,0,0
"ich","Walker Creek",2,"01V2","CC","FB",1987,1,1,0,11.5,0.5,0,0,0,0,0
"ich","Walker Creek",2,"01V3","CC","FB",1987,1,1,0,79.1,0.6,0,0,0,1,0
"ich","Walker Creek",2,"01V4","CC","FB",1987,1,1,0,18.5,1,0,0,0,0,0
"ich","Walker Creek",2,"02F1","CC","FB",1987,1,1,0,117.5,0,0,0,0,1,0
"ich","Walker Creek",2,"02V1","CC","FB",1987,1,1,0,35.5,2.5,0,0,0,0,0
"ich","Walker Creek",2,"02V2","CC","FB",1987,1,1,0,28.5,1.5,0,0,0,0,0
"ich","Walker Creek",2,"03F1","CC","FB",1987,1,1,0,92,0,0,0,0,2,0
"ich","Walker Creek",2,"03V1","CC","FB",1987,1,1,0,97.6,0.5,0,0,0,0,0
"ich","Walker Creek",2,"03V2","CC","FB",1987,1,1,0,32.5,1,0,0,0,0,0
"ich","Walker Creek",2,"04F1","CC","FB",1987,1,1,0,16,2,0,0,0,0,0
"ich","Walker Creek",2,"04F2","CC","FB",1987,1,1,0,65,1,0,0,0,0,0
"ich","Walker Creek",2,"04F3","CC","FB",1987,1,1,0,22,5.5,0,0,0,0,0
"ich","Walker Creek",2,"04V1","CC","FB",1987,1,1,0,100.5,2.6,0,0,0,2,0
"ich","Walker Creek",2,"04V2","CC","FB",1987,1,1,0,41,20.1,0,0,0,0,0
"ich","Walker Creek",2,"05V1","CC","FB",1987,1,1,0,191.1,0.5,0,0,0,1,0
"ich","Walker Creek",2,"06V1","CC","FB",1987,1,1,0,42,0.5,0,0,0,0,0
"ich","Walker Creek",2,"06V2","CC","FB",1987,1,1,0,55,7.5,0,0,0,0,0
"ich","Walker Creek",2,"06V3","CC","FB",1987,1,1,0,64,1.5,0,0,0,0,0
"ich","Walker Creek",2,"08V1","CC","FB",1987,1,1,0,91.1,0,0,0,0,1,0
"ich","Walker Creek",2,"08V2","CC","FB",1987,1,1,0,89,1.5,0,0,0,0,0
"ich","Walker Creek",2,"09F1","CC","FB",1987,1,1,0,100,0.1,0,0,0,0,0
"ich","Walker Creek",2,"09F2","CC","FB",1987,1,1,0,42,21,0,0,0,0,0
"ich","Walker Creek",2,"09F3","CC","FB",1987,1,1,0,128.5,6,0,0,0,0,0
"ich","Walker Creek",2,"10F1","CC","FB",1987,1,1,0,71,2.5,0,0,0,0,0
"ich","Walker Creek",3,"01V1","CC","FB",1987,1,1,0,79.1,1,0,0,0,1,0
"ich","Walker Creek",3,"01V2","CC","FB",1987,1,1,0,103.5,0.5,0,0,0,1,0
"ich","Walker Creek",3,"02F1","CC","FB",1987,1,1,0,12.6,0.5,0,0,0,0,15
"ich","Walker Creek",3,"02F2","CC","FB",1987,1,1,0,78,6,0,0,0,0,0
"ich","Walker Creek",3,"02V1","CC","FB",1987,1,1,0,56,0.5,0,0,0,0.5,0
"ich","Walker Creek",3,"03F1","CC","FB",1987,1,1,0,29,6,0,0,0,0,0
"ich","Walker Creek",3,"03V1","CC","FB",1987,1,1,0,20,1,0,0,0,0,0.5
"ich","Walker Creek",3,"04V1","CC","FB",1987,1,1,0,46,2.5,0,0,0,0,0
"ich","Walker Creek",3,"04V2","CC","FB",1987,1,1,0,28,5,0,0,0,0,0
"ich","Walker Creek",3,"05F1","CC","FB",1987,1,1,0,65.5,25.5,0,0,0,0,0
"ich","Walker Creek",3,"05F2","CC","FB",1987,1,1,0,128.5,0.5,0,0,0,10,0
"ich","Walker Creek",3,"05V1","CC","FB",1987,1,1,0,27.6,12,0,0,0,0,0
"ich","Walker Creek",3,"06V1","CC","FB",1987,1,1,0,100.7,2,0,0,0,0,0
"ich","Walker Creek",3,"07F1","CC","FB",1987,1,1,0,100.5,0.5,0,0,0,0.5,0
"ich","Walker Creek",3,"07V1","CC","FB",1987,1,1,0,38,6,0,0,0,0,0
"ich","Walker Creek",3,"07V2","CC","FB",1987,1,1,0,32,2,0,0,0,0,0
"ich","Walker Creek",3,"08V1","CC","FB",1987,1,1,0,85,0.5,0,0,0,5,0
"ich","Walker Creek",3,"08V2","CC","FB",1987,1,1,0,30,6,0,0,0,0,0
"ich","Walker Creek",3,"09V1","CC","FB",1987,1,1,0,43,3,0,0,0,0,0
"ich","Walker Creek",3,"10F1","CC","FB",1987,1,1,0,81.5,2.1,0,0,0,0,0
"ich","Walker Creek",3,"10F2","CC","FB",1987,1,1,0,104,0,0,0,0,0,0
"ich","Walker Creek",3,"10V1","CC","FB",1987,1,1,0,95,0.5,0,0,0,0,0
"ich","Walker Creek",3,"11F1","CC","FB",1987,1,1,0,67,0,0,0,0,5,0
"ich","Walker Creek",3,"11V2","CC","FB",1987,1,1,0,20,15.5,0,0,0,0,0
"ich","Walker Creek",4,"01V1","CC","FB",1987,1,1,0,69.5,0.5,0,0,0,0.5,0
"ich","Walker Creek",4,"02F1","CC","FB",1987,1,1,0,87.5,2,0,0,0,0,0
"ich","Walker Creek",4,"02F2","CC","FB",1987,1,1,0,41,11,0,0,0,0,0
"ich","Walker Creek",4,"03V1","CC","FB",1987,1,1,0,90,5.5,0,0,0,0,0
"ich","Walker Creek",4,"03V2","CC","FB",1987,1,1,0,28.5,1.5,0,0,0,0,0
"ich","Walker Creek",4,"04F1","CC","FB",1987,1,1,0,1,0,0,0,0,0,0
"ich","Walker Creek",4,"04V2","CC","FB",1987,1,1,0,10,1,0,0,0,0,0
"ich","Walker Creek",4,"05F1","CC","FB",1987,1,1,0,18.5,1,0,0,0,0,0
"ich","Walker Creek",4,"05V1","CC","FB",1987,1,1,0,57,6,0,0,0,0,0
"ich","Walker Creek",4,"05V2","CC","FB",1987,1,1,0,82,0.5,0,0,0,0,0
"ich","Walker Creek",4,"06V1","CC","FB",1987,1,1,0,96.5,10,0,0,0,0,0
"ich","Walker Creek",4,"06V2","CC","FB",1987,1,1,0,116.1,3.5,0,0,0,0,0
"ich","Walker Creek",4,"07F1","CC","FB",1987,1,1,0,102,1.5,0,0,0,0,0
"ich","Walker Creek",4,"07F2","CC","FB",1987,1,1,0,93.5,0.5,0,0,0,0,0
"ich","Walker Creek",4,"07V1","CC","FB",1987,1,1,0,65.5,2,0,0,0,0,0
"ich","Walker Creek",4,"08F1","CC","FB",1987,1,1,0,115,5,0,0,0,0,0
"ich","Walker Creek",4,"08F2","CC","FB",1987,1,1,0,19,0,0,0,0,0.5,0
"ich","Walker Creek",4,"08V1","CC","FB",1987,1,1,0,62.5,17,0,0,0,0,0
"ich","Walker Creek",4,"09F1","CC","FB",1987,1,1,0,87,0,0,0,0,0,0
"ich","Walker Creek",4,"09V1","CC","FB",1987,1,1,0,126,0,0,0,0,0,0
"ich","Walker Creek",4,"09V3","CC","FB",1987,1,1,0,52.5,3,0,0,0,0,0
"ich","Walker Creek",4,"10F1","CC","FB",1987,1,1,0,75.6,6,0,0,0,0,0
"ich","Walker Creek",4,"11F1","CC","FB",1987,1,1,0,27.5,0,0,0,0,0,0
"ich","Walker Creek",4,"11V1","CC","FB",1987,1,1,0,91,1,0,0,0,0,0
"ich","Walker Creek",4,"11V2","CC","FB",1987,1,1,0,65.5,5,0,0,0,0,0
"ich","Walker Creek",5,"01V1","CC","FB",1987,1,1,0,67.5,3.5,0,0,0,0.5,0
"ich","Walker Creek",5,"01V2","CC","FB",1987,1,1,0,47.5,1,0,0,0,0.5,0
"ich","Walker Creek",5,"01V3","CC","FB",1987,1,1,0,59.5,5.5,0,0,0,0,0
"ich","Walker Creek",5,"01V4","CC","FB",1987,1,1,0,71.5,15.5,0,0,0,0,0
"ich","Walker Creek",5,"02V1","CC","FB",1987,1,1,0,53,0.5,0,0,0,0.5,0.5
"ich","Walker Creek",5,"03F1","CC","FB",1987,1,1,0,57.5,16,0,0,0,1,0
"ich","Walker Creek",5,"03F2","CC","FB",1987,1,1,0,74.5,0,0,0,0,0,5
"ich","Walker Creek",5,"03V1","CC","FB",1987,1,1,0,30.5,5,0,0,0,0,0
"ich","Walker Creek",5,"04F1","CC","FB",1987,1,1,0,88.5,0,0,0,0,1,0
"ich","Walker Creek",5,"04F2","CC","FB",1987,1,1,0,52.5,16,0,0,0,0,0
"ich","Walker Creek",5,"05F1","CC","FB",1987,1,1,0,19,15.5,0,0,0,0,0
"ich","Walker Creek",5,"05V1","CC","FB",1987,1,1,0,111,1,0,0,0,0,0
"ich","Walker Creek",5,"05V2","CC","FB",1987,1,1,0,42,0.5,0,0,0,1,0
"ich","Walker Creek",5,"06F1","CC","FB",1987,1,1,0,39,2,0,0,0,0,0
"ich","Walker Creek",5,"06F2","CC","FB",1987,1,1,0,43,7,0,0,0,0,0
"ich","Walker Creek",5,"07V1","CC","FB",1987,1,1,0,86.1,7,0,0,0,1,0
"ich","Walker Creek",5,"07V2","CC","FB",1987,1,1,0,31.5,6,0,0,0,0,0
"ich","Walker Creek",5,"08F1","CC","FB",1987,1,1,0,67,5,0,0,0,0.5,0
"ich","Walker Creek",5,"08F2","CC","FB",1987,1,1,0,52,11,0,0,0,0,0
"ich","Walker Creek",5,"09F1","CC","FB",1987,1,1,0,105.5,1.5,0,0,0,0,0
"ich","Walker Creek",5,"09V1","CC","FB",1987,1,1,0,34.5,6.5,0,0,0,1,0
"ich","Walker Creek",5,"10V2","CC","FB",1987,1,1,0,87.5,1.5,0,0,0,1,0
"ich","Walker Creek",5,"10V3","CC","FB",1987,1,1,0,21.5,1.5,0,0,0,1,1
"ich","Walker Creek",5,"11V1","CC","FB",1987,1,1,0,71,11.5,0,0,0,0,0
"ich","Walker Creek",5,"11V2","CC","FB",1987,1,1,0,50.5,3,0,0,0,0,0
"ich","Walker Creek",5,"11V3","CC","FB",1987,1,1,0,40,2,0,0,0,0,0
"ich","Walker Creek",1,"01F1","CC","FB",1991,5,5,0,145,14,0,0,0,0,0
"ich","Walker Creek",1,"01V1","CC","FB",1991,5,5,0,75,3,0,0,0,0,0
"ich","Walker Creek",1,"01V2","CC","FB",1991,5,5,3,161.5,0.5,0,0,0,0,0
"ich","Walker Creek",1,"01V3","CC","FB",1991,5,5,0,133,10,0,0,0,0,2
"ich","Walker Creek",1,"01V4","CC","FB",1991,5,5,0,65,2.5,0,0,0,20,3
"ich","Walker Creek",1,"02F1","CC","FB",1991,5,5,0,155,2,0,0,0,0,0
"ich","Walker Creek",1,"02V1","CC","FB",1991,5,5,0,160,0,0,0,0,5,0
"ich","Walker Creek",1,"02V2","CC","FB",1991,5,5,0,47,4.5,32,0,0,1,0
"ich","Walker Creek",1,"03F1","CC","FB",1991,5,5,0,95,0,0,0,0,0.5,0
"ich","Walker Creek",1,"03V1","CC","FB",1991,5,5,0,43.5,1,0,0,0,1,0.5
"ich","Walker Creek",1,"03V2","CC","FB",1991,5,5,0,22,0.5,0,0,0,80,3
"ich","Walker Creek",1,"04F1","CC","FB",1991,5,5,0,94.5,2,0,0,0,25,0
"ich","Walker Creek",1,"04F2","CC","FB",1991,5,5,0,84,55,0,0,0,0,0
"ich","Walker Creek",1,"04F3","CC","FB",1991,5,5,0,3.5,4.5,2,0,0,0,0
"ich","Walker Creek",1,"04V2","CC","FB",1991,5,5,0,18,16,2,0,0,75,0
"ich","Walker Creek",1,"05V1","CC","FB",1991,5,5,0,78,2,100,0,0,0,50
"ich","Walker Creek",1,"06V1","CC","FB",1991,5,5,0,166.5,10,50,0,0,1,0
"ich","Walker Creek",1,"06V2","CC","FB",1991,5,5,0,95,22,0.5,0,0,0,0
"ich","Walker Creek",1,"06V3","CC","FB",1991,5,5,0,36.5,22,0,0,0,0.5,0
"ich","Walker Creek",1,"07F1","CC","FB",1991,5,5,0,191.5,0,0,0,0,3,12
"ich","Walker Creek",1,"08V1","CC","FB",1991,5,5,0,193,0.5,0,0,0,0,0
"ich","Walker Creek",1,"08V2","CC","FB",1991,5,5,0,56,12.5,0,0,0,0,0
"ich","Walker Creek",1,"09F1","CC","FB",1991,5,5,0,215,17,0,0,0,0,0
"ich","Walker Creek",1,"09F2","CC","FB",1991,5,5,0,80,13,0,0,0,0,0
"ich","Walker Creek",1,"09F3","CC","FB",1991,5,5,1,111.5,1,0,0,0,0,0
"ich","Walker Creek",1,"10F1","CC","FB",1991,5,5,0,162,2,0,0,0,0,0
"ich","Walker Creek",1,"10V1","CC","FB",1991,5,5,0,137.5,2,0,0,0,0,5
"ich","Walker Creek",1,"11F1","CC","FB",1991,5,5,0,111.5,8.5,0,0,0,0,0
"ich","Walker Creek",1,"11V1","CC","FB",1991,5,5,0,90.5,35,0,0,0,0,0
"ich","Walker Creek",2,"01F1","CC","FB",1991,5,5,0,161,1.5,0,0,0,0,0
"ich","Walker Creek",2,"01V1","CC","FB",1991,5,5,0,104,12.5,0,0,0,3,0
"ich","Walker Creek",2,"01V2","CC","FB",1991,5,5,0,104,5.5,0,0,0,0,0.5
"ich","Walker Creek",2,"01V3","CC","FB",1991,5,5,0,136,3.5,0,0,1,2,0
"ich","Walker Creek",2,"01V4","CC","FB",1991,5,5,0,166.5,2,0,0,0,1,0
"ich","Walker Creek",2,"02F1","CC","FB",1991,5,5,1,138,0.5,0,0,0,5,0
"ich","Walker Creek",2,"02V1","CC","FB",1991,5,5,0,102,2,0,0,0,0,0
"ich","Walker Creek",2,"02V2","CC","FB",1991,5,5,1,104,26,0,0,0,0,0
"ich","Walker Creek",2,"03F1","CC","FB",1991,5,5,0,185.5,0.5,0,0,0,0,0
"ich","Walker Creek",2,"03V1","CC","FB",1991,5,5,0,134,0.5,0,0,0,0,0
"ich","Walker Creek",2,"03V2","CC","FB",1991,5,5,0,142,0,0,0,0,1,0
"ich","Walker Creek",2,"04F1","CC","FB",1991,5,5,0,84,19.5,0,0,0,1,0
"ich","Walker Creek",2,"04F2","CC","FB",1991,5,5,0,148.5,2,0,0,0,0,0
"ich","Walker Creek",2,"04F3","CC","FB",1991,5,5,0,126,13,0,0,0,1,0
"ich","Walker Creek",2,"04V1","CC","FB",1991,5,5,0,168,10,0,0,0,2,0
"ich","Walker Creek",2,"04V2","CC","FB",1991,5,5,0,70.5,3,0,0,0,0,0
"ich","Walker Creek",2,"05V1","CC","FB",1991,5,5,0,164.5,0,0,0,0,2,0
"ich","Walker Creek",2,"06V1","CC","FB",1991,5,5,0,85,2.5,0,0,0,0,0
"ich","Walker Creek",2,"06V2","CC","FB",1991,5,5,0,88,12,0,0,0,0,0
"ich","Walker Creek",2,"06V3","CC","FB",1991,5,5,0,127,5,0,0,0,0,0
"ich","Walker Creek",2,"08V1","CC","FB",1991,5,5,0,85,1,0,0,0,5,0
"ich","Walker Creek",2,"08V2","CC","FB",1991,5,5,0,88,4,0,0,0,0,0
"ich","Walker Creek",2,"09F1","CC","FB",1991,5,5,0,100.5,3,0,0,0,1,0
"ich","Walker Creek",2,"09F2","CC","FB",1991,5,5,10,67,20,0,0,0,0,0
"ich","Walker Creek",2,"09F3","CC","FB",1991,5,5,0,161,10,0,0,0,0,0
"ich","Walker Creek",2,"10F1","CC","FB",1991,5,5,0,142,10,0,0,0,0,0
"ich","Walker Creek",3,"01V1","CC","FB",1991,5,5,0,69.5,1,0,0,0,35,0
"ich","Walker Creek",3,"01V2","CC","FB",1991,5,5,0,111.1,0.5,0,0,0,25,0
"ich","Walker Creek",3,"02F1","CC","FB",1991,5,5,0,81,0.5,0,0,0,0,50
"ich","Walker Creek",3,"02F2","CC","FB",1991,5,5,0,99.6,2.5,0,0,0,0,0
"ich","Walker Creek",3,"02V1","CC","FB",1991,5,5,0,129,1,0,0,0,5,0
"ich","Walker Creek",3,"03F1","CC","FB",1991,5,5,0,87.5,11,0,0,0,1,0
"ich","Walker Creek",3,"03V1","CC","FB",1991,5,5,0,52.7,2,0,0,0,0.5,25
"ich","Walker Creek",3,"04V1","CC","FB",1991,5,5,0,61.6,10.5,0,0,0,0,0
"ich","Walker Creek",3,"04V2","CC","FB",1991,5,5,0,50,17,0,0,0,5,0
"ich","Walker Creek",3,"05F1","CC","FB",1991,5,5,0,134.1,15,0,0,0,0,0
"ich","Walker Creek",3,"05F2","CC","FB",1991,5,5,0,184.5,0.1,0,0,0,7,0
"ich","Walker Creek",3,"05V1","CC","FB",1991,5,5,0,89.6,0,0,0,0,0,0
"ich","Walker Creek",3,"06V1","CC","FB",1991,5,5,0,171.5,1,0,0,0,3,0
"ich","Walker Creek",3,"07F1","CC","FB",1991,5,5,0,109.6,0.5,0,0,0,2,0
"ich","Walker Creek",3,"07V1","CC","FB",1991,5,5,0,58.1,3,0,0,0,0,0
"ich","Walker Creek",3,"07V2","CC","FB",1991,5,5,0,128.2,7.2,0,0,0,0.5,0
"ich","Walker Creek",3,"08V1","CC","FB",1991,5,5,0,141,2.1,0,0,0,1,0
"ich","Walker Creek",3,"08V2","CC","FB",1991,5,5,0,100.2,10.1,0,0,0,0,2
"ich","Walker Creek",3,"09V1","CC","FB",1991,5,5,0,91.1,17,0,0,0,0.1,0
"ich","Walker Creek",3,"10F1","CC","FB",1991,5,5,0,73,5,0,0,0,15,0
"ich","Walker Creek",3,"10F2","CC","FB",1991,5,5,0,138,0.1,0,0,0,1,0
"ich","Walker Creek",3,"10V1","CC","FB",1991,5,5,0,102.6,5,0,0,0,0,0
"ich","Walker Creek",3,"11F1","CC","FB",1991,5,5,0,131.5,0,0,0,0,2,0
"ich","Walker Creek",3,"11V2","CC","FB",1991,5,5,0,102,14,0,0,0,0,0
"ich","Walker Creek",4,"01V1","CC","FB",1991,5,5,0,118.5,0,0,0,0,72,0
"ich","Walker Creek",4,"02F1","CC","FB",1991,5,5,0,165.1,16,0,0,0,0,0
"ich","Walker Creek",4,"02F2","CC","FB",1991,5,5,0,85.7,10,0,0,0,0,0
"ich","Walker Creek",4,"03V1","CC","FB",1991,5,5,0,29.5,12,0,0,0,0,0
"ich","Walker Creek",4,"03V2","CC","FB",1991,5,5,0,34.1,10.5,0,0,0,0,0
"ich","Walker Creek",4,"04F1","CC","FB",1991,5,5,0,166.2,0,0,0,0,0,0
"ich","Walker Creek",4,"04V2","CC","FB",1991,5,5,0,40,12,0,0,0,0,0
"ich","Walker Creek",4,"05F1","CC","FB",1991,5,5,0,66,5,0,0,0,0,0
"ich","Walker Creek",4,"05V1","CC","FB",1991,5,5,0,83.5,4,0,0,0,0.5,0
"ich","Walker Creek",4,"05V2","CC","FB",1991,5,5,0,113.5,1.5,0,0,0,0,0
"ich","Walker Creek",4,"06V1","CC","FB",1991,5,5,0,165.5,6.1,0.5,0,0,0,0
"ich","Walker Creek",4,"06V2","CC","FB",1991,5,5,0,121,6,0,0,0,0,0
"ich","Walker Creek",4,"07F1","CC","FB",1991,5,5,0,172.5,0.5,0,0,0,0,0
"ich","Walker Creek",4,"07F2","CC","FB",1991,5,5,0,83,1,0,0,0,0,0
"ich","Walker Creek",4,"07V1","CC","FB",1991,5,5,0,137,7,0,0,0,0,0
"ich","Walker Creek",4,"08F1","CC","FB",1991,5,5,0,120,10,0,0,0,0,0
"ich","Walker Creek",4,"08F2","CC","FB",1991,5,5,0,37.5,0,0,0,0,7,0
"ich","Walker Creek",4,"08V1","CC","FB",1991,5,5,0,99.5,8,0,0,0,0,0
"ich","Walker Creek",4,"09F1","CC","FB",1991,5,5,0,215.2,0.1,0,0,0,0.1,0
"ich","Walker Creek",4,"09V1","CC","FB",1991,5,5,0,170,0,0,0,0,0,0
"ich","Walker Creek",4,"09V3","CC","FB",1991,5,5,0,74.1,17,0,0,0,0,0
"ich","Walker Creek",4,"10F1","CC","FB",1991,5,5,3,145.1,20,0.5,0,0,0,0
"ich","Walker Creek",4,"11F1","CC","FB",1991,5,5,0,80.6,1.1,20,0,0,0,0
"ich","Walker Creek",4,"11V1","CC","FB",1991,5,5,2,243,2,0,0,0,0,0
"ich","Walker Creek",4,"11V2","CC","FB",1991,5,5,0,121.2,2.2,0,0,0,0.1,0
"ich","Walker Creek",5,"01V1","CC","FB",1991,5,5,0,91.5,30.1,0,0,0,1,0
"ich","Walker Creek",5,"01V2","CC","FB",1991,5,5,0,113.5,5,0,0,0,60,0
"ich","Walker Creek",5,"01V3","CC","FB",1991,5,5,0,85.6,16.5,0,0,0,0.5,0
"ich","Walker Creek",5,"01V4","CC","FB",1991,5,5,0,65,21,0,0,0,0.5,8
"ich","Walker Creek",5,"02V1","CC","FB",1991,5,5,0,103,2,0,0,0,1,4
"ich","Walker Creek",5,"03F1","CC","FB",1991,5,5,0,63,37,0,0,0,35,0
"ich","Walker Creek",5,"03F2","CC","FB",1991,5,5,0,118,1,0,0,0,0.5,3
"ich","Walker Creek",5,"03V1","CC","FB",1991,5,5,0,140,28,0,0,0,0,2
"ich","Walker Creek",5,"04F1","CC","FB",1991,5,5,0,101,21,0,0,0,3,0
"ich","Walker Creek",5,"04F2","CC","FB",1991,5,5,0,87,12.5,0,0,0,0,0
"ich","Walker Creek",5,"05F1","CC","FB",1991,5,5,0,19,11,0,0,0,0,0
"ich","Walker Creek",5,"05V1","CC","FB",1991,5,5,0,66,2.5,0,0,0,1,0
"ich","Walker Creek",5,"05V2","CC","FB",1991,5,5,0,74.1,1,0,0,0,26,0
"ich","Walker Creek",5,"06F1","CC","FB",1991,5,5,0,53.1,3,0,0,0,55,0
"ich","Walker Creek",5,"06F2","CC","FB",1991,5,5,0,63,8,0,0,0,0,0
"ich","Walker Creek",5,"07V1","CC","FB",1991,5,5,0,61,1.5,0,0,0,55,0
"ich","Walker Creek",5,"07V2","CC","FB",1991,5,5,0,45.5,10,0,0,0,30,0
"ich","Walker Creek",5,"08F1","CC","FB",1991,5,5,0,92,3.5,0,0,0,45,0
"ich","Walker Creek",5,"08F2","CC","FB",1991,5,5,0,80,22.1,0,0,0,15,2
"ich","Walker Creek",5,"09F1","CC","FB",1991,5,5,0,68,6,0,0,0,0,0
"ich","Walker Creek",5,"09V1","CC","FB",1991,5,5,0,73,28,0,0,0,55,0
"ich","Walker Creek",5,"10V2","CC","FB",1991,5,5,0,108,6,0,0,0,10,0
"ich","Walker Creek",5,"10V3","CC","FB",1991,5,5,0,41,5,0,0,0,70,30
"ich","Walker Creek",5,"11V1","CC","FB",1991,5,5,10,116,19,0,0,0,0,0
"ich","Walker Creek",5,"11V2","CC","FB",1991,5,5,0,35.5,1.5,0,0,0,0,0
"ich","Walker Creek",5,"11V3","CC","FB",1991,5,5,0,27,17,0,0,0,0,0
"ich","Walker Creek",1,"01F1","CC","FB",1996,10,10,0,109.5,4,0,0,0,0,0
"ich","Walker Creek",1,"01V1","CC","FB",1996,10,10,0,48.6,2.2,15,0,0,0,0.5
"ich","Walker Creek",1,"01V2","CC","FB",1996,10,10,2,104.1,0,0,0,0,0,0
"ich","Walker Creek",1,"01V3","CC","FB",1996,10,10,0,98.1,25.1,0,0,0,0,0
"ich","Walker Creek",1,"01V4","CC","FB",1996,10,10,0,49.2,2.1,0.5,0,0,15,20
"ich","Walker Creek",1,"02F1","CC","FB",1996,10,10,0,206.5,2,0,0,0,1,0
"ich","Walker Creek",1,"02V1","CC","FB",1996,10,10,0,146,5,0,0,0,2,0
"ich","Walker Creek",1,"02V2","CC","FB",1996,10,10,0,20.4,1.1,65,0.1,0,1,0.5
"ich","Walker Creek",1,"03F1","CC","FB",1996,10,10,0,103.2,5.6,0,0,0,1,0
"ich","Walker Creek",1,"03V1","CC","FB",1996,10,10,0,30.1,0.3,5,0,0,40.5,5.1
"ich","Walker Creek",1,"03V2","CC","FB",1996,10,10,0,26,11,6,0,0,60,15
"ich","Walker Creek",1,"04F1","CC","FB",1996,10,10,10,112.1,2.1,0,0,0,50,0.1
"ich","Walker Creek",1,"04F2","CC","FB",1996,10,10,0,102.6,55,0,0,0,5,0
"ich","Walker Creek",1,"04F3","CC","FB",1996,10,10,0,5.1,0.7,66,0,0,0,0
"ich","Walker Creek",1,"04V2","CC","FB",1996,10,10,1,12,16.6,50,0,0,40,0
"ich","Walker Creek",1,"05V1","CC","FB",1996,10,10,0,103.5,0.5,95,0,0,0.1,5
"ich","Walker Creek",1,"06V1","CC","FB",1996,10,10,0,127.6,5,30,0,0,0,0
"ich","Walker Creek",1,"06V2","CC","FB",1996,10,10,0,41,1.6,60,0,0,0,0.5
"ich","Walker Creek",1,"06V3","CC","FB",1996,10,10,0,57.1,15.1,0,0,0,0.1,0
"ich","Walker Creek",1,"07F1","CC","FB",1996,10,10,0,158.1,0,0,0,0,1,5
"ich","Walker Creek",1,"08V1","CC","FB",1996,10,10,0,87.1,4,0,0,0,0.5,0
"ich","Walker Creek",1,"08V2","CC","FB",1996,10,10,0,32.1,0.3,2,0,0.1,0,0
"ich","Walker Creek",1,"09F1","CC","FB",1996,10,10,0,161.1,1,0,0,0,0,0
"ich","Walker Creek",1,"09F2","CC","FB",1996,10,10,0,125.5,3,0,0,0,2,0
"ich","Walker Creek",1,"09F3","CC","FB",1996,10,10,20,107,0.3,0,0,0,0,0
"ich","Walker Creek",1,"10F1","CC","FB",1996,10,10,0,92.1,1.1,10,0,0,0,0
"ich","Walker Creek",1,"10V1","CC","FB",1996,10,10,0,83.6,0.1,0,0,0,2,5
"ich","Walker Creek",1,"11F1","CC","FB",1996,10,10,5,79.5,3.6,0,0,0,0,0
"ich","Walker Creek",1,"11V1","CC","FB",1996,10,10,0,107,6,0,0,0,0,0
"ich","Walker Creek",2,"01F1","CC","FB",1996,10,10,0,112.8,0.2,0,0,0.1,1,0
"ich","Walker Creek",2,"01V1","CC","FB",1996,10,10,0,128,7,0,0,0,2,0
"ich","Walker Creek",2,"01V2","CC","FB",1996,10,10,0,137.1,3.1,0,0,0,0,1
"ich","Walker Creek",2,"01V3","CC","FB",1996,10,10,0,51.1,0.1,0,0,0,2,0
"ich","Walker Creek",2,"01V4","CC","FB",1996,10,10,0,128.5,1,5,0,0,1,0
"ich","Walker Creek",2,"02F1","CC","FB",1996,10,10,3,115.6,0.2,0,0,0,6,0
"ich","Walker Creek",2,"02V1","CC","FB",1996,10,10,0,29.6,2,0,0,0,0,0
"ich","Walker Creek",2,"02V2","CC","FB",1996,10,10,5,112,5.7,0,0,0,0,0
"ich","Walker Creek",2,"03F1","CC","FB",1996,10,10,1,116.5,0,0,0,0,15,0
"ich","Walker Creek",2,"03V1","CC","FB",1996,10,10,0,108,0,0,0,0,2,0
"ich","Walker Creek",2,"03V2","CC","FB",1996,10,10,0.1,50.6,0,0,0,0,0.5,0
"ich","Walker Creek",2,"04F1","CC","FB",1996,10,10,0,74.6,2.1,0,0,0,0.5,0
"ich","Walker Creek",2,"04F2","CC","FB",1996,10,10,0,156.1,0.2,0,0,0.1,0,5
"ich","Walker Creek",2,"04F3","CC","FB",1996,10,10,0,134.5,3.5,0,0,0,1,0
"ich","Walker Creek",2,"04V1","CC","FB",1996,10,10,0,142.7,3.1,0,0,0,3,0
"ich","Walker Creek",2,"04V2","CC","FB",1996,10,10,0,67.1,5.5,0,0,0,0.5,0
"ich","Walker Creek",2,"05V1","CC","FB",1996,10,10,0,111,1,0,0,0,2,0
"ich","Walker Creek",2,"06V1","CC","FB",1996,10,10,0,72.6,3,0,0,0,0,0
"ich","Walker Creek",2,"06V2","CC","FB",1996,10,10,0,147.4,2.6,0,0,0,0,0
"ich","Walker Creek",2,"06V3","CC","FB",1996,10,10,0,111.5,0,0,0,0,0,0
"ich","Walker Creek",2,"08V1","CC","FB",1996,10,10,25,77.2,0,0,0,0,0.5,0.1
"ich","Walker Creek",2,"08V2","CC","FB",1996,10,10,0,98,0.3,0,0,0,0,0
"ich","Walker Creek",2,"09F1","CC","FB",1996,10,10,1,127.1,0.1,0,0,0,5,0
"ich","Walker Creek",2,"09F2","CC","FB",1996,10,10,40,97.2,1,0,0,0,0,0
"ich","Walker Creek",2,"09F3","CC","FB",1996,10,10,0,107.6,1.1,0,0,0,0,0
"ich","Walker Creek",2,"10F1","CC","FB",1996,10,10,0,111.3,2.6,0,0,0,15,0
"ich","Walker Creek",3,"01V1","CC","FB",1996,10,10,0,124.5,2,0,0,0,30,0
"ich","Walker Creek",3,"01V2","CC","FB",1996,10,10,0,112,0.1,0,0,0,40,0
"ich","Walker Creek",3,"02F1","CC","FB",1996,10,10,0,48,0,0,0,0,1,50
"ich","Walker Creek",3,"02F2","CC","FB",1996,10,10,15,106.1,5.1,0,5,0,5,0
"ich","Walker Creek",3,"02V1","CC","FB",1996,10,10,0,108.1,0.2,0,0,0,4,0
"ich","Walker Creek",3,"03F1","CC","FB",1996,10,10,0.1,96.8,0.1,3,0,0,0.1,0
"ich","Walker Creek",3,"03V1","CC","FB",1996,10,10,0,53.9,0.2,0,0,0,0.1,35
"ich","Walker Creek",3,"04V1","CC","FB",1996,10,10,10,38.5,16,0,0,0,0.5,0
"ich","Walker Creek",3,"04V2","CC","FB",1996,10,10,0,54.6,8,0,0,0,60.1,0
"ich","Walker Creek",3,"05F1","CC","FB",1996,10,10,0,141.7,0.5,0,0,0,0,0
"ich","Walker Creek",3,"05F2","CC","FB",1996,10,10,0,113.1,0.1,0,0,0,6,0
"ich","Walker Creek",3,"05V1","CC","FB",1996,10,10,0,108.7,0,0,0,0,0.1,0
"ich","Walker Creek",3,"06V1","CC","FB",1996,10,10,0,115.2,0.1,0,0,0,15,0
"ich","Walker Creek",3,"07F1","CC","FB",1996,10,10,15,95.4,0.1,0,0,0,2,0
"ich","Walker Creek",3,"07V1","CC","FB",1996,10,10,0,63,5,0,0,0,0,0
"ich","Walker Creek",3,"07V2","CC","FB",1996,10,10,0,123.2,12.1,15,0,0,1,0
"ich","Walker Creek",3,"08V1","CC","FB",1996,10,10,0,105.8,5,0,0,0,0.1,0
"ich","Walker Creek",3,"08V2","CC","FB",1996,10,10,10,97.1,6,0,0,0,0,15
"ich","Walker Creek",3,"09V1","CC","FB",1996,10,10,0,113.2,2,0,0,0,15.5,0
"ich","Walker Creek",3,"10F1","CC","FB",1996,10,10,0,106.2,15.6,0,0,0,10,0
"ich","Walker Creek",3,"10F2","CC","FB",1996,10,10,0,100.3,0.1,0,0,0,0.1,0
"ich","Walker Creek",3,"10V1","CC","FB",1996,10,10,5,130.5,10,0,0,0,0,0
"ich","Walker Creek",3,"11F1","CC","FB",1996,10,10,0,121,0,0,0,0,5,0
"ich","Walker Creek",3,"11V2","CC","FB",1996,10,10,2,76.1,6,0,0,0,1,0
"ich","Walker Creek",4,"01V1","CC","FB",1996,10,10,30,100.1,0.2,0,0,0,45,0
"ich","Walker Creek",4,"02F1","CC","FB",1996,10,10,0,108.1,20,0,0,0,2,0
"ich","Walker Creek",4,"02F2","CC","FB",1996,10,10,0,58.1,1.1,0,0,0,10,0
"ich","Walker Creek",4,"03V1","CC","FB",1996,10,10,0,70,3,15,0,0,0.5,0
"ich","Walker Creek",4,"03V2","CC","FB",1996,10,10,0,44.6,4.2,0,0,0,1.5,0
"ich","Walker Creek",4,"04F1","CC","FB",1996,10,10,0,126.6,5.5,0,0,0,0,0
"ich","Walker Creek",4,"04V2","CC","FB",1996,10,10,0,23.6,6,0,0,0,0,0
"ich","Walker Creek",4,"05F1","CC","FB",1996,10,10,0,84.6,2.7,0,0,0,0,0
"ich","Walker Creek",4,"05V1","CC","FB",1996,10,10,0.5,99.5,1.1,5,0,0,2,0
"ich","Walker Creek",4,"05V2","CC","FB",1996,10,10,0,141.1,1.2,0,0,0,1,0
"ich","Walker Creek",4,"06V1","CC","FB",1996,10,10,0,123.5,1.2,40,0,0,0,0
"ich","Walker Creek",4,"06V2","CC","FB",1996,10,10,40,82.6,1.1,0,0,0,0,0
"ich","Walker Creek",4,"07F1","CC","FB",1996,10,10,0,117.1,0,0,0,0,2,0
"ich","Walker Creek",4,"07F2","CC","FB",1996,10,10,0,112.6,0.6,0,0,0,0,0
"ich","Walker Creek",4,"07V1","CC","FB",1996,10,10,0,112.1,5.1,0,0,0,0,0
"ich","Walker Creek",4,"08F1","CC","FB",1996,10,10,1,137.1,5.1,0,0,0,0,0
"ich","Walker Creek",4,"08F2","CC","FB",1996,10,10,1,48.3,0.1,0,0,0,25.5,1
"ich","Walker Creek",4,"08V1","CC","FB",1996,10,10,0,141.2,1.7,0,0,0,1.1,0
"ich","Walker Creek",4,"09F1","CC","FB",1996,10,10,0,78.5,1,0,0,0,5,0
"ich","Walker Creek",4,"09V1","CC","FB",1996,10,10,0,127.1,0,0,0,0,0,0
"ich","Walker Creek",4,"09V3","CC","FB",1996,10,10,1.1,73.2,1.1,0,0,0,1,0
"ich","Walker Creek",4,"10F1","CC","FB",1996,10,10,40,127.5,11.1,10,0,0,0,0
"ich","Walker Creek",4,"11F1","CC","FB",1996,10,10,0,78.1,1.2,50,0,0.1,0,0.1
"ich","Walker Creek",4,"11V1","CC","FB",1996,10,10,50,75,1,1,0,0,0,0
"ich","Walker Creek",4,"11V2","CC","FB",1996,10,10,2,86.7,7,0,0,0,0.1,0
"ich","Walker Creek",5,"01V1","CC","FB",1996,10,10,30,70,20,0,0,0,20,0
"ich","Walker Creek",5,"01V2","CC","FB",1996,10,10,5,75.1,0.2,0,0,0,70,0
"ich","Walker Creek",5,"01V3","CC","FB",1996,10,10,10,80.5,2,1,0,0,0.5,0.5
"ich","Walker Creek",5,"01V4","CC","FB",1996,10,10,15,86,0.5,0,0,0,10.1,25
"ich","Walker Creek",5,"02V1","CC","FB",1996,10,10,10,161.5,0.5,0,0,0,1,5
"ich","Walker Creek",5,"03F1","CC","FB",1996,10,10,1,65,4,0,0,0,61,1
"ich","Walker Creek",5,"03F2","CC","FB",1996,10,10,0,88,0,0,0,0,0.1,1
"ich","Walker Creek",5,"03V1","CC","FB",1996,10,10,0,114,11.1,0.1,0,0,0,5
"ich","Walker Creek",5,"04F1","CC","FB",1996,10,10,10,133,5,0,0,0,5,0
"ich","Walker Creek",5,"04F2","CC","FB",1996,10,10,5,110.1,2,0,0,0,3,3
"ich","Walker Creek",5,"05F1","CC","FB",1996,10,10,0,32.6,2,0,0,0,40,0
"ich","Walker Creek",5,"05V1","CC","FB",1996,10,10,0,52.5,0.5,0,0,0,51,0
"ich","Walker Creek",5,"05V2","CC","FB",1996,10,10,5,97.6,5,0,0,0,60.5,0
"ich","Walker Creek",5,"06F1","CC","FB",1996,10,10,0,63,5,0,0,0,30,0
"ich","Walker Creek",5,"06F2","CC","FB",1996,10,10,1,73.6,3.6,0,0,0,1,0
"ich","Walker Creek",5,"07V1","CC","FB",1996,10,10,0,111,5,0,0,0,50.1,0
"ich","Walker Creek",5,"07V2","CC","FB",1996,10,10,0,75,2.1,0,0,0,60.1,5
"ich","Walker Creek",5,"08F1","CC","FB",1996,10,10,0,126.5,2,0,0,0,25,5
"ich","Walker Creek",5,"08F2","CC","FB",1996,10,10,0,59.5,3.5,0,0,0,57.1,5
"ich","Walker Creek",5,"09F1","CC","FB",1996,10,10,0,117,10,0,0,0,0,0
"ich","Walker Creek",5,"09V1","CC","FB",1996,10,10,0,94.6,5.2,0,0,0,41,0
"ich","Walker Creek",5,"10V2","CC","FB",1996,10,10,0,70.5,4.5,0,0,0,70.5,0.1
"ich","Walker Creek",5,"10V3","CC","FB",1996,10,10,0,13,1,0,0,0,81.5,15
"ich","Walker Creek",5,"11V1","CC","FB",1996,10,10,30,78,10,0,0,0,0,0
"ich","Walker Creek",5,"11V2","CC","FB",1996,10,10,0,102,1,0,0,0,1,0
"ich","Walker Creek",5,"11V3","CC","FB",1996,10,10,0.5,87,5,0,0,0,60.5,0
"ich","Walker Creek",1,"01F1","CC","FB",2007,21,20,90,170,5,5,0,0,5,0
"ich","Walker Creek",1,"01V1","CC","FB",2007,21,20,40,115,0,40,0,0,5,15
"ich","Walker Creek",1,"01V2","CC","FB",2007,21,20,10,151,0,0,0,0,0,0
"ich","Walker Creek",1,"01V3","CC","FB",2007,21,20,0,131,2,0,0,0,0,0
"ich","Walker Creek",1,"01V4","CC","FB",2007,21,20,0,77,0,40,0,0,10,40
"ich","Walker Creek",1,"02F1","CC","FB",2007,21,20,0,195,0,0,0,0,4,0
"ich","Walker Creek",1,"02V1","CC","FB",2007,21,20,5,193,0,0,0,0,0,0
"ich","Walker Creek",1,"02V2","CC","FB",2007,21,20,35,51,0,90,0,0,7,0
"ich","Walker Creek",1,"03F1","CC","FB",2007,21,20,0,193,11,75,0,0,20,0
"ich","Walker Creek",1,"03V1","CC","FB",2007,21,20,5,194,0,75,0,0,25,30
"ich","Walker Creek",1,"03V2","CC","FB",2007,21,20,15,38,0,90,0,0,0,0
"ich","Walker Creek",1,"04F1","CC","FB",2007,21,20,50,182,0,2,0,0,10,2
"ich","Walker Creek",1,"04F2","CC","FB",2007,21,20,0,135,15,0,0,0,10,0
"ich","Walker Creek",1,"04F3","CC","FB",2007,21,20,13,27,0,90,0,0,0,0
"ich","Walker Creek",1,"04V2","CC","FB",2007,21,20,51,8,0,45,0,0,3,0
"ich","Walker Creek",1,"05V1","CC","FB",2007,21,20,0,137,0,95,0,0,0,0
"ich","Walker Creek",1,"06V1","CC","FB",2007,21,20,0,142,0,60,0,0,0,0
"ich","Walker Creek",1,"06V2","CC","FB",2007,21,20,0,95,0,90,0,7,0,0
"ich","Walker Creek",1,"06V3","CC","FB",2007,21,20,0,168,0,85,0,2,3,0
"ich","Walker Creek",1,"07F1","CC","FB",2007,21,20,0,161,0,30,0,0,0,40
"ich","Walker Creek",1,"08V1","CC","FB",2007,21,20,0,183,0,25,0,0,18,0
"ich","Walker Creek",1,"08V2","CC","FB",2007,21,20,0,67.5,0,105,0,5,3.5,0
"ich","Walker Creek",1,"09F1","CC","FB",2007,21,20,0,145,7,10,0,0,0,0
"ich","Walker Creek",1,"09F2","CC","FB",2007,21,20,35,199,0,30,0,0,15,0
"ich","Walker Creek",1,"09F3","CC","FB",2007,21,20,95,210,0,0,0,0,0,0
"ich","Walker Creek",1,"10F1","CC","FB",2007,21,20,1,66,0,95,0,0,0,0
"ich","Walker Creek",1,"10V1","CC","FB",2007,21,20,30,146,0,37,0,0,35,40
"ich","Walker Creek",1,"11F1","CC","FB",2007,21,20,85,104,0,0,0,0,0,0
"ich","Walker Creek",1,"11V1","CC","FB",2007,21,20,35,158,35,35,0,0,0,0
"ich","Walker Creek",2,"01F1","CC","FB",2007,21,20,0,128.3,0,0,0,1,5,0
"ich","Walker Creek",2,"01V1","CC","FB",2007,21,20,0,74,0,0,0,0,8,20
"ich","Walker Creek",2,"01V2","CC","FB",2007,21,20,0,120.7,0,0,0,0,0,20
"ich","Walker Creek",2,"01V3","CC","FB",2007,21,20,0,76,0,0,0,1,5,0.5
"ich","Walker Creek",2,"01V4","CC","FB",2007,21,20,5,105.1,0,60,0,0,0,0
"ich","Walker Creek",2,"02F1","CC","FB",2007,21,20,15,83,0.1,10,0,0,5,0
"ich","Walker Creek",2,"02V1","CC","FB",2007,21,20,30,57.1,0,0,0,0,10,5
"ich","Walker Creek",2,"02V2","CC","FB",2007,21,20,30,58,0,0,0,0,1,0
"ich","Walker Creek",2,"03F1","CC","FB",2007,21,20,2,87.5,0,0,0,0,20,0
"ich","Walker Creek",2,"03V1","CC","FB",2007,21,20,0,110.6,1,0,0,0,15,5
"ich","Walker Creek",2,"03V2","CC","FB",2007,21,20,15.5,64,0,0,0,0,1.1,0
"ich","Walker Creek",2,"04F1","CC","FB",2007,21,20,0,94,5,0,0,0,2,0
"ich","Walker Creek",2,"04F2","CC","FB",2007,21,20,1,61,0,4,0,0,0,75
"ich","Walker Creek",2,"04F3","CC","FB",2007,21,20,90,51.5,0.1,0,0,0,1,0
"ich","Walker Creek",2,"04V1","CC","FB",2007,21,20,0,127.3,0.6,0,0,0,8,0
"ich","Walker Creek",2,"04V2","CC","FB",2007,21,20,0,56.1,0,0,0,0,15,1
"ich","Walker Creek",2,"05V1","CC","FB",2007,21,20,0,154.5,0,2,0,0,13,0.1
"ich","Walker Creek",2,"06V1","CC","FB",2007,21,20,0,115.2,1,0,0,0,0,0
"ich","Walker Creek",2,"06V2","CC","FB",2007,21,20,10,146,3,0,0,0,0.2,0
"ich","Walker Creek",2,"06V3","CC","FB",2007,21,20,0,116,0,0,0,0,0.1,0.1
"ich","Walker Creek",2,"08V1","CC","FB",2007,21,20,95,50,0.1,3,0,0,20,1.1
"ich","Walker Creek",2,"08V2","CC","FB",2007,21,20,0,62.2,0.7,0,0,0,0,0
"ich","Walker Creek",2,"09F1","CC","FB",2007,21,20,30,108,0,0,0,0,8,45
"ich","Walker Creek",2,"09F2","CC","FB",2007,21,20,81,57.2,0.2,0,0,0,0,3
"ich","Walker Creek",2,"09F3","CC","FB",2007,21,20,3,170.8,0,0,0,0,0.1,0
"ich","Walker Creek",2,"10F1","CC","FB",2007,21,20,0,119,0.5,0,0,1,45,0
"ich","Walker Creek",3,"01V1","CC","FB",2008,22,20,1,179,0,15,0,0,1,0
"ich","Walker Creek",3,"01V2","CC","FB",2008,22,20,0,94,0,0,0,0,80,2
"ich","Walker Creek",3,"02F1","CC","FB",2008,22,20,0,67,0,0,0,0,10,70
"ich","Walker Creek",3,"02F2","CC","FB",2008,22,20,90,116,0,0,0,0,5,0
"ich","Walker Creek",3,"02V1","CC","FB",2008,22,20,0,136,0,47,0,0,3,2
"ich","Walker Creek",3,"03F1","CC","FB",2008,22,20,1,104,0,3,0,0,1,0
"ich","Walker Creek",3,"03V1","CC","FB",2008,22,20,2,67,0,35,0,0,1,75
"ich","Walker Creek",3,"04V1","CC","FB",2008,22,20,50,30,15,25,0,0,20,0.1
"ich","Walker Creek",3,"04V2","CC","FB",2008,22,20,1,15,0,0,0,0,53,20
"ich","Walker Creek",3,"05F1","CC","FB",2008,22,20,10,162,0,0,0,0,25,0
"ich","Walker Creek",3,"05F2","CC","FB",2008,22,20,0,94,0,0,0,0,7,0
"ich","Walker Creek",3,"05V1","CC","FB",2008,22,20,0,176.1,0,0,0,0,0.5,60
"ich","Walker Creek",3,"06V1","CC","FB",2008,22,20,0,190.5,0,60,0,0,15,0
"ich","Walker Creek",3,"07F1","CC","FB",2008,22,20,70,161.6,0,0,0,0,7,1
"ich","Walker Creek",3,"07V1","CC","FB",2008,22,20,75,115.1,0,80,0,0,0,0
"ich","Walker Creek",3,"07V2","CC","FB",2008,22,20,25,190,2,115,0,0,40,0
"ich","Walker Creek",3,"08V1","CC","FB",2008,22,20,55,127.4,0,15,0,0,2,0
"ich","Walker Creek",3,"08V2","CC","FB",2008,22,20,90,27,1,0,0,0,0,41
"ich","Walker Creek",3,"09V1","CC","FB",2008,22,20,0,100,5,0,0,0,0,85
"ich","Walker Creek",3,"10F1","CC","FB",2008,22,20,20,146.7,0,0,0,0,0.5,0
"ich","Walker Creek",3,"10F2","CC","FB",2008,22,20,0,208,0,0,0,0.5,20,5
"ich","Walker Creek",3,"10V1","CC","FB",2008,22,20,30,99.1,3,0,0,0,0,0
"ich","Walker Creek",3,"11F1","CC","FB",2008,22,20,2,140.6,0,65,0,0,5,0
"ich","Walker Creek",3,"11V2","CC","FB",2008,22,20,40,199.1,1,0,0,0,1,0.1
"ich","Walker Creek",4,"01V1","CC","FB",2008,22,20,95,101,0,0,0,0,27,0
"ich","Walker Creek",4,"02F1","CC","FB",2008,22,20,40,141.5,0,0,0,0,17,30
"ich","Walker Creek",4,"02F2","CC","FB",2008,22,20,0.5,177.1,0,0,0,0,0.1,0
"ich","Walker Creek",4,"03V1","CC","FB",2008,22,20,75,39,0,15,0,0,20.5,0
"ich","Walker Creek",4,"03V2","CC","FB",2008,22,20,25,175.1,0.1,0,0,2,15.1,0
"ich","Walker Creek",4,"04F1","CC","FB",2008,22,20,0.5,138,0,5,0,0,0,0
"ich","Walker Creek",4,"04V2","CC","FB",2008,22,20,3,108,0,0,0,0,0,0.5
"ich","Walker Creek",4,"05F1","CC","FB",2008,22,20,75,118,0,0,0,0,3,0
"ich","Walker Creek",4,"05V1","CC","FB",2008,22,20,80,75,0,30,0,0,15,3
"ich","Walker Creek",4,"05V2","CC","FB",2008,22,20,15,221.4,0,0,0,0,10,0
"ich","Walker Creek",4,"06V1","CC","FB",2008,22,20,15,278.5,0,0,0,0,0.2,0
"ich","Walker Creek",4,"06V2","CC","FB",2008,22,20,90,140.1,0,0,0,0,10,0.1
"ich","Walker Creek",4,"07F1","CC","FB",2008,22,20,60,206.1,0,0,0,0.1,0.5,0
"ich","Walker Creek",4,"07F2","CC","FB",2008,22,20,15,216,0,0,0,0,15,0
"ich","Walker Creek",4,"07V1","CC","FB",2008,22,20,60,144.2,75,0,0,0,0,0
"ich","Walker Creek",4,"08F1","CC","FB",2008,22,20,0,209.5,0,50,0,0,0.2,0
"ich","Walker Creek",4,"08F2","CC","FB",2008,22,20,25,87.7,0.6,60,0,2.1,25.6,20
"ich","Walker Creek",4,"08V1","CC","FB",2008,22,20,40,130,1,0,0,0,12.5,22
"ich","Walker Creek",4,"09F1","CC","FB",2008,22,20,95,120,0,10,0,0,5.5,0
"ich","Walker Creek",4,"09V1","CC","FB",2008,22,20,0,208.1,1,2,0,0,0,0
"ich","Walker Creek",4,"09V3","CC","FB",2008,22,20,75,156,0,0,0,0,1,0
"ich","Walker Creek",4,"10F1","CC","FB",2008,22,20,75,82.2,0,75,0,0,2,0
"ich","Walker Creek",4,"11F1","CC","FB",2008,22,20,10,70,0,70,0,0,0,0
"ich","Walker Creek",4,"11V1","CC","FB",2008,22,20,99,45.5,0.5,0,0,0,0,0
"ich","Walker Creek",4,"11V2","CC","FB",2008,22,20,70,147,0,50,0,0,0,0
"ich","Walker Creek",5,"01V1","CC","FB",2007,21,20,55,75,20,0,0,0,10,0
"ich","Walker Creek",5,"01V2","CC","FB",2007,21,20,10,138,0,0,0,0,0,0
"ich","Walker Creek",5,"01V3","CC","FB",2007,21,20,30,98,0,0,0,0,17,35
"ich","Walker Creek",5,"01V4","CC","FB",2007,21,20,65,86,0,0,0,0,5,60
"ich","Walker Creek",5,"02V1","CC","FB",2007,21,20,50,135,0,0,0,0,15,40
"ich","Walker Creek",5,"03F1","CC","FB",2007,21,20,50,96,0,0,0,0,8,95
"ich","Walker Creek",5,"03F2","CC","FB",2007,21,20,30,175,0,0,0,0,0,50
"ich","Walker Creek",5,"03V1","CC","FB",2007,21,20,5,157,0,10,0,0,20,25
"ich","Walker Creek",5,"04F1","CC","FB",2007,21,20,50,184,0,0,0,0,15,40
"ich","Walker Creek",5,"04F2","CC","FB",2007,21,20,75,215,0,0,0,0,10,0
"ich","Walker Creek",5,"05F1","CC","FB",2007,21,20,47,75,0,0,0,0,8,65
"ich","Walker Creek",5,"05V1","CC","FB",2007,21,20,20,89,0,20,0,0,14,40
"ich","Walker Creek",5,"05V2","CC","FB",2007,21,20,50,154,0,0,0,0,10,0
"ich","Walker Creek",5,"06F1","CC","FB",2007,21,20,0,126,0,0,0,0,20,40
"ich","Walker Creek",5,"06F2","CC","FB",2007,21,20,17,149,12,30,0,0,41,3
"ich","Walker Creek",5,"07V1","CC","FB",2007,21,20,0,119,0,0,0,0,10,0
"ich","Walker Creek",5,"07V2","CC","FB",2007,21,20,20,87,0,0,0,0,30,0
"ich","Walker Creek",5,"08F1","CC","FB",2007,21,20,0,179,5,0,0,0,21,5
"ich","Walker Creek",5,"08F2","CC","FB",2007,21,20,0,140,7,0,0,0,27,50
"ich","Walker Creek",5,"09F1","CC","FB",2007,21,20,15,132,0,0,0,0,20,0
"ich","Walker Creek",5,"09V1","CC","FB",2007,21,20,15,137,0,0,0,0,2,0
"ich","Walker Creek",5,"10V2","CC","FB",2007,21,20,40,109,0,0,0,0,32,80
"ich","Walker Creek",5,"10V3","CC","FB",2007,21,20,20,101,0,0,0,0,42,22
"ich","Walker Creek",5,"11V1","CC","FB",2007,21,20,85,192,10,0,0,0,7,0
"ich","Walker Creek",5,"11V2","CC","FB",2007,21,20,10,189,12,0,0,0,47,7
"ich","Walker Creek",5,"11V3","CC","FB",2007,21,20,40,176,0,15,0,0,23,50
